부산,1143
맛,1080
빵,1047
집,1047
맛집,610
카페,340
소금,213
베이커리,203
동,175
빵집,163
소금빵,157
기장,138
빵맛집,137
추천,101
암사,98
서면,90
해운대,80
순례,71
지,69
전포,63
빵지순례,54
광,50
제과,49
옵스,48
초량,47
과자점,46
안,45
디저트,42
뷰,40
광안,40
후기,39
부산빵맛집,39
비,39
여행,37
구,36
소금빵맛집,35
남포,34
남포동,34
부산맛집,33
단팥빵,32
선,32
와상,32
미,32
송정,31
커피,31
이터널,31
텀,31
명지,29
돈,27
아치,26
샤인,26
이터널선샤인,25
건빵,25
희와,25
시장,24
아치베이커리,24
유명,24
바,24
수제,24
시티,24
내산,23
베이,23
전포,23
전포동,23
희와제과,23
돈내산,22
투어,22
부산빵집,22
택배,22
식빵,22
대형,21
부산여행,21
곳,21
이흥,21
점,21
강서,20
강서구,20
버거,20
북,19
베이커리카페,19
연산,19
연산동,19
오션,19
기장카페,19
건강,18
일광,17
덕,17
부산카페,17
크로,17
3,17
레,17
케이크,17
동래,17
브런,17
스콘,16
산역,16
리,16
분위기,16
파스타,16
북베이커리,15
오,15
크로와상,15
코스,14
방문,14
플,14
마린,14
오션뷰,14
동,13
신상,13
커스,13
남천,13
남천동,13
장,13
인생,12
명장,12
영도,12
내,12
수제버거,12
바게트,12
피자,12
대연,11
대연동,11
생크림,11
맘모스,11
시,11
마늘,11
씨,11
베이커스,11
크림,11
도넛,11
선물,10
바다,10
칠,10
윤,10
대,10
팥,10
홍,10
근처,10
백화점,10
웨이팅,10
모구,10
피,10
본점,10
애,10
레스토랑,10
브레드,9
한옥,9
무무,9
무무제과,9
무,9
르,9
칠암사,9
1950,9
태,9
성당,9
페,9
송도,9
메뉴,9
수영,9
구자,9
비건빵,9
해운,9
푀유크,9
보소,9
키,9
암,9
신세계,9
달맞이,9
거리,9
호밀,9
대,9
다대포,9
국제,8
남자,8
부산빵지순례,8
박,8
2,8
남산,8
남산동,8
명지빵집,8
부,8
대점,8
김해,8
티,8
소,8
리뷰,8
대형카페,8
하우스,8
3대,8
용호,8
용호동,8
수,8
원,8
장산,8
최,8
코,8
호텔,8
오버,8
치즈,8
메,7
아상,7
파이,7
현철,7
정관,7
만,7
부산소금빵맛,7
경성,7
시네마,7
맘모스빵,7
전국,7
종,7
서면빵집,7
쿠키,7
빵투어,7
빵천동,7
천동,7
홍옥,7
롯데,7
금정,7
금정구,7
통,7
조선,7
문,7
텀시티,7
크림빵,7
글,7
하드,7
바오버,7
샌드위치,7
낭시,7
인정,6
타르트,6
크루,6
크루아상,6
망,6
오픈,6
4,6
빵택배,6
덕선제과,6
쌀로,6
카,6
1,6
공원,6
감성,6
해운대점,6
수영,6
다양,6
쿠루,6
마린시티,6
마린시티점,6
부산베이커리,6
오디,6
너리,6
요리,6
만두,6
십,6
앤,6
라푀유크,6
산대,6
푀,6
팥빙수,6
빵맛,6
산비,6
산비건빵,6
수플레,6
월,6
프랑스,6
시청,6
요즘,6
데이트,6
말차,5
필수,5
발효,5
제과점,5
쥬,5
태성당,5
수욕장,5
박현철베이커리,5
처,5
남,5
씨제과,5
달인,5
유럽,5
명란,5
수영구,5
키친,5
뉴,5
시민,5
사계,5
나,5
테이블,5
서,5
마크,5
구자윤과자점,5
밤,5
신발,5
디저트맛집,5
카페호밀,5
방,5
무슈뱅,5
슈뱅,5
경주,5
명물,5
전문점,5
전,5
푀유,5
유,5
계란빵,5
천국,5
이,5
슈,5
강추,5
즈,5
장전,5
장전동,5
스테이크,5
해운대맛집,5
개금,5
하드빵,5
화덕,5
먹거리,5
85,5
365,4
앙,4
앙버터,4
버터,4
겐츠,4
딸기,4
국제시장,4
론,4
론빵,4
바다뷰,4
가야,4
메츠과자점,4
츠,4
초량맛집,4
부산강서구맛집,4
후,4
모,4
고등어,4
속,4
국화빵,4
그니,4
구자윤,4
디저트시네마,4
전포카페,4
리스트,4
부산마늘빵,4
범천,4
범천동,4
밀,4
부산남산동맛집,4
대한,4
대한민국,4
민국,4
부산역,4
태성,4
주문,4
김해덕베이커리,4
보소보소,4
스콘맛집,4
계란,4
모음,4
연제,4
연제구,4
베이커리맛집,4
오늘,4
교대,4
빵순례,4
크리,4
크리미,4
줄,4
치아,4
치아바,4
거,4
봄,4
범일,4
범일동,4
번째,4
디너,4
프,4
한옥카페,4
수,4
평,4
부산빵투어,4
보리,4
장전,4
전동,4
가능,4
케익,4
해리,4
차이나,4
타운,4
종류,4
추억,4
오디너리,4
식당,4
제리,4
특별,4
사직,4
사직동,4
화명,4
화명동,4
1950태성당,4
샵,4
신세계백화점,4
거제,4
바게트제작소,4
제작소,4
문현,4
문현동,4
부산도넛맛집,4
황금,4
화덕피자,4
시간,4
빵85,4
전통,4
마을,4
최애,4
겐츠베이커리,3
굿,3
이,3
주의,3
부산시,3
숲,3
발효빵,3
건강빵,3
서면카페,3
무르,3
오브,3
고등어빵,3
기념품,3
매력,3
페스츄,3
대기,3
중,3
스타,3
대표,3
구포,3
천연,3
르봉비,3
봉비,3
세트,3
말차크림,3
회,3
유럽감성,3
슈크림,3
메트르,3
트르,3
광복,3
보루,3
스테이트,3
명륜,3
명륜동,3
쿠루미과자점,3
팥앙금,3
이터널선샤,3
선샤,3
계란말,3
말,3
모구모구,3
풍미,3
햇살,3
기장빵맛집,3
빵소,3
아크,3
재,3
제과명장,3
성지,3
발견,3
밤팥빵,3
전리,3
부산서면빵집,3
브린,3
우동,3
부평,3
부평동,3
ㅣ,3
십원빵,3
부산서면,3
가덕도,3
먹,3
뷰맛집,3
앤로프,3
로프,3
쿠루미,3
수영역,3
영역,3
부산기장카페,3
장전동,3
집이,3
흥용,3
소맥,3
퍼프,3
퍼프베이커리,3
학원,3
김,3
서서,3
차이나타운,3
해운대구,3
구,3
송정맛집,3
바겟팜,3
겟팜,3
용소,3
용소식당,3
건,3
밀가루,3
빵맛집,3
가격,3
단팥빵맛집,3
장수,3
일기,3
반했,3
블랑,3
느낌,3
빵소쿠리,3
소쿠리,3
재료,3
완전,3
여기,3
부산시청,3
음식,3
경양식,3
661,3
힐,3
전포카페거리,3
명란바게트,3
재송,3
재송동,3
서면전포빵맛,3
개,3
산역맛집,3
전포동맛집,3
외식,3
호떡,3
하단,3
황금십원빵,3
국수,3
도,3
가성,3
군만두,3
드래곤,3
다이,3
닝,3
조이,3
경성대맛집,3
주차,3
함박,3
프로,3
배송,3
프리,3
폴,3
라멘,3
레플랑시,3
플랑,3
파라,3
다이스,3
대구,3
브레드365,2
몽블랑,2
사람,2
드라이브,2
스토리,2
스토리오브,2
빵덕후,2
일요일,2
연산동빵집,2
빵집추천,2
옆,2
골목,2
스카이,2
삼,2
에끄로,2
수제마늘빵,2
5,2
범어사,2
빵소작,2
소작,2
대한민국명장,2
떼,2
부산국제시장단팥빵,2
빵카로드,2
로드,2
채널,2
탑,2
충무,2
테라,2
서면베이커리,2
런,2
통팥앙금빵,2
부산강서구제과점,2
환장,2
서면전포카페,2
용명,2
용명장,2
냄새,2
그랜드,2
그랜드조선부산,2
라이스,2
뉴문,2
커피숍,2
광안종합시장,2
종합,2
재방문,2
사상,2
쉽커,2
쉽커피,2
링,2
암사계,2
년,2
산점,2
틀,2
의사,2
호,2
베이글,2
이터널션샤,2
션샤,2
오디너리레,2
플라잉,2
끝,2
자갈치,2
자갈치시장,2
부산디저트맛집,2
차이,2
미니,2
ㅣ부산,2
부산시오빵맛,2
식,2
천,2
떡볶이,2
상국,2
카페거리,2
일,2
만두맛집,2
동네,2
단호박,2
최고,2
디너프,2
커피맛,2
커피맛집,2
토성,2
토성동,2
인테리어,2
남구,2
서면소금빵맛,2
깡,2
메뉴추천,2
부산대,2
울산,2
최영화빵,2
영화,2
대연,2
구,2
오션뷰맛집,2
맛집이,2
마리,2
커피빵,2
편안,2
부산비건빵맛,2
경대,2
오감,2
조식,2
학원전,2
아이,2
전포동카페,2
규,2
만족,2
부산소금빵,2
럭키,2
은하수,2
로카,2
보어,2
빵천국,2
비건,2
들꽃,2
들꽃부엌,2
부엌,2
박현철,2
유기농,2
방문후기,2
포장,2
신호,2
신호동,2
파크,2
남포동카페,2
관,2
기장맛집,2
부산전포,2
렁,2
렁제리,2
사진,2
동래카페,2
디,