빵,1292
맛,1115
집,1054
서울,789
맛집,694
카페,275
소금,227
소금빵,189
베이커리,185
동,180
빵집,170
빵맛집,136
지,99
순례,98
빵지순례,68
추천,68
후기,66
브레드,65
제리,59
근교,54
택배,47
소,47
맘모스,43
구,42
빵소,41
연남,40
연남동,40
점,40
르,36
현대,36
서울빵맛집,35
투어,34
디저트,33
대,33
베이,31
강남,31
성수,31
마늘,29
3,29
맘모스빵,28
블랑,28
돈,27
버터,26
성북,25
브런,25
글,25
망원,25
망원동,25
숲,24
리,23
내산,23
크림빵,23
서울역,23
오,22
제과,22
장,22
포,22
곳,22
촌,21
서울빵맛,21
앤,21
공원,21
림,21
성북동,20
유명,20
서울빵지순례,20
비,20
동,20
성수동,20
빵택배,19
광,19
현대서울,19
만,19
소금빵맛집,18
모,18
내,18
돈내산,18
단팥빵,18
여행,18
프랑,17
태극,17
쟝블랑,17
쟝블랑제리,17
뷰,17
베,17
3대,17
커피,17
바게트,16
햅스,16
명장,16
식빵,16
종,16
서울근교,16
코,16
케이크,16
여의도,16
수역,16
장블랑제리,16
대형,16
프랑제리,15
바,15
건강,15
만동,14
만동제과,14
밀,14
김,14
서울숲,14
영등포,14
데이트,14
감성,14
빵투어,14
잠실,14
곳간,13
오파토,13
파토,13
무이,13
치스,13
치스앤,13
디스,13
수원,13
방문,13
시간,13
레,13
코스,13
제주,13
베이커리카페,13
샌드위치,13
분위기,13
마늘빵,12
본점,12
안국,12
공장,12
주차,12
안,12
강릉,12
덕,12
낙성대,12
이수,12
근처,12
용산,12
베이글,12
송,12
해방촌,11
앙,11
아상,11
나들이,11
크림,11
드라이브,11
남,11
일산,11
전국,11
사과,10
사과빵,10
리뷰,10
마포,10
교,10
산,10
올림픽,10
2,10
가격,10
메뉴,10
서울맛집,10
망원,10
속,10
씨,10
마늘빵맛집,10
합,10
도넛,10
도,10
부산,10
광화문,10
레스토랑,10
카,9
웨이팅,9
앙버터,9
크루,9
효창,9
효창공원,9
릉,9
즐,9
앵무새,9
국역,9
수제,9
스터,9
포장,9
블랑제리,9
스콘,9
마크,9
건,9
서울대,9
서울대공원,9
빵명장,9
파주,9
이태원,9
5,8
익선,8
익선동,8
ㅣ,8
정석,8
온라인,8
과자점,8
미,8
1,8
롯데,8
백화점,8
원,8
플,8
베즐,8
서울앵무새,8
씨스터브레드,8
터미널,8
서울빵집,8
후,8
쟝,8
포모르,8
전,8
권,8
림점,8
정역,8
파리,8
네트,7
와상,7
디저트택배,7
피어,7
배송,7
강서,7
강서구,7
광교점,7
교점,7
와이드,7
아우어,7
즈,7
가능,7
북촌,7
대역,7
치즈,7
천,7
감성카페,7
페,7
양주,7
연희,7
연희동,7
프릳츠,7
츠,7
배달,7
피,7
대형카페,7
빵맛,7
스블랑,7
문,7
평,7
정원,7
시장,7
슈,7
오픈,7
모범,7
시,6
서울소금빵맛,6
촌빵집,6
투,6
크로,6
몰,6
곡,6
타르,6
데마,6
티,6
광교,6
용산역,6
강,6
아우어베이커리,6
부암,6
부암동,6
스코프,6
섬,6
커피맛,6
호텔,6
몽,6
판교,6
키,6
페브,6
낙성,6
인정,6
터,6
빵덕후,6
동네,6
역삼,6
압구정,6
장소,6
폴,6
방이,6
방이동,6
호수,6
가평,6
구역,6
감자,6
서울여행,6
번,6
프릳,6
버거,6
동대문,6
제과점,6
생크림,6
서울빵투어,6
산성,6
중앙,6
필수,6
장충동,6
팥,6
공,6
잠봉,6
대구,6
서,6
수,5
주말,5
식사,5
식사빵,5
생활,5
달인,5
방배,5
방배동,5
즈업,5
크로와상,5
베이커리무이,5
르뱅룰,5
뱅,5
룰,5
야외,5
뷰맛집,5
크루아상,5
올림픽공원,5
애,5
선,5
김포,5
인생,5
마포,5
마포구,5
정보,5
쿄,5
통,5
지적,5
참견,5
시점,5
구청,5
나폴레옹,5
코끼리,5
디,5
양,5
송파,5
송파구,5
감자빵,5
성지,5
월,5
전통,5
역삼역,5
낙성대역,5
이수직영점,5
직영,5
수,5
성북구,5
구,5
발효,5
양재,5
행주,5
중앙시장,5
방,5
한옥,5
통영,5
잠봉뵈르,5
뵈르,5
건강빵,5
서울카페,5
마을,5
시,5
유기농,5
하,5
파머,4
파머스반,4
스반,4
피터팬,4
1978,4
론,4
전문점,4
인기,4
온라인몰,4
타르데마,4
24,4
돌이,4
청역,4
성북동빵공장,4
빵지,4
효자,4
서울근교빵맛,4
올림픽본점,4
명동,4
스토어,4
밥,4
퀸아망,4
안국역,4
굼,4
여기,4
모나카,4
그로,4
오늘,4
봉황,4
낭시,4
대,4
노티드,4
청담,4
벨,4
벨르,4
분당,4
스타,4
5대,4
쿄베이커리,4
영,4
모,4
코끼리베이글,4
용산,4
용산구,4
사라다,4
사라다빵,4
힐링,4
프랑스,4
슈크림,4
띠,4
다양,4
팡,4
피자,4
플레이트,4
화덕,4
하우스,4
맛보기,4
성북,4
옥수수,4
아이,4
영업,4
영업시간,4
기장,4
사람,4
수제버거,4
최,4
앞,4
경기,4
경기도,4
문래,4
러스트,4
식,4
구경,4
블루,4
딸기,4
인천,4
나,4
7,4
송리,4
일상,4
종로,4
길동,4
숲길,4
숲길정원,4
영허,4
브랜드,4
나무,4
그,4
중화,4
중화짬뽕빵,4
짬뽕,4
선물,4
입,4
크라,4
등,4
레이,4
르빵,4
파스타,4
예약,4
방법,4
시티,4
간식,4
부,4
종류,4
림빵맛집,4
굿,4
홍,4
망리,4
줄,4
화성,4
강정,4
초,4
대학로,4
오픈런,4
런,4
몽샹,3
몽샹82,3
82,3
공덕,3
풍미,3
피터팬1978,3
론빵,3
만족,3
처,3
빵배송,3
혜화,3
대,3
롤,3
솔트,3
솔트24,3
오후,3
빵돌이,3
옥,3
강남,3
강남구,3
강남구청역,3
최고,3
마호가니,3
논,3
밤,3
역삼,3
역삼동,3
빵공장,3
단풍,3
경주,3
빵귿,3
귿,3
빵굼터,3
그로서리,3
서리,3
각,3
오월,3
을지,3
입구,3
고속,3
오랜만,3
사진,3
구매,3
가산,3
디지털,3
단지,3
수길,3
집이,3
분당빵집,3
식품,3
비건빵,3
건빵,3
전지적,3
위,3
강추,3
강남구청,3
몸,3
노트,3
사당,3
가평카페,3
신당,3
케익,3
성심,3
베이글맛집,3
슈크림빵,3
약,3
단골,3
대입,3
10,3
토리,3
야,3
플라워,3
경기,3
광주,3
옥수수빵,3
삼송,3
삼송빵집,3
가성,3
가성비,3
애견,3
애견동반,3
동반,3
양천,3
성동,3
광장,3
베리,3
사가,3
비건,3
서대문,3
골목,3
최애,3
플레이스,3
병원,3
발,3
발산역,3
산역,3
코야끼,3
야끼,3
둘,3
둘레길,3
레길,3
킷,3
씨,3
치아,3
치아바,3
대치,3
대치동,3
모어,3
남부,3
남부터미널,3
개,3
4,3
서울근교나들이,3
영허브랜드,3
누,3
포장후기,3
동빵집,3
천연,3
주문,3
가지,3
촌점,3
맛탱,3
탱,3
커피맛집,3
동두천,3
포항,3
니스,3
파리크라,3
퀸,3
아망,3
강남빵맛집,3
강동,3
테이블,3
칼국수,3
발견,3
단팥빵맛집,3
터,3
메,3
마들렌,3
년,3
어드,3
베이커,3
패티,3
커리,3
요리,3
위치,3
서래,3
런치,3
공,3
춘천,3
레트,3
콩,3
12,3
공덕역,3
덕역,3
고구마,3
빵수니,3
수니,3
스튜디오,3
밀도,3
한림,3
종각,3
역사,3
달,3
한강,3
먹거리,3
이크,3
목동,3
신상,3
스콘맛집,3
힙,3
서울근교카페,3
현대서울맛집,3
닭,3
닭강정,3
큐브,3
시오빵,2
빵캉스,2
캉스,2
서초,2
맛집ㅣ,2
이것,2
올리브,2
그니,2
서울빵맛집,2
서울3대빵집,2
티장,2
베이커스,2
커스,2
대한,2
평일,2
일,2
신길,2
영등포롯데백화점맛,2
테라스,2
효자베이커리,2
대표,2
카페투어,2
논현역,2
현역,2
비뛰드,2
뛰드,2
명소,2
수원커피맛집,2
조선,2
디너,2
온라인스토어,2
완전,2
코코,2
밤식빵,2
선릉,2
레쥬르,2
쥬르,2
멸치,2
백현,2
백현동,2
실패,2
폼,2
폼드팡,2
드팡,2
국화빵,2
구래,2
날,2
십,2
십원빵,2
성역,2
노엘,2
손,2
약수,2
바속촉,2
촉,2
크림치즈,2
서울빵,2
재,2
선정,2
생방송,2
이유,2
프렌치,2
토스트,2
굴뚝,2
굴뚝빵,2
지로,2
버스,2
릉역,2
암,2
순대,2
레스트,2
동작,2
동작구,2
니,2
지도,2
진심,2
우주,2
영광,2
천호역,2
호역,2
브랜뉴,2
브랜뉴하이몬드,2
하이,2
몬드,2
폴앤폴리,2
폴리,2
고소한,2
멋,2
강남역,2
남역,2
남영,2
천국,2
05,2
슐랭,2
그대,2
일기,2
트럴,2
트럴파크,2
파크,2
숭례문,2
한남,2
한남동,2
문어,2
오븐,2
보리,2
보리빵,2
장안,2
장안동,2
길,2
피터,2
띠끄,2
대전,2
와플,2
현대백화점,2
약수역,2
단골각,2
서울대입구역,2
제작,2
행운,2
망,2
망원역,2
원역,2
입,2
입소문,2
소문,2
이,2
에이치,2
마켓,2
역점,2
빠숑숑,2
화덕빵,2
오이,2
오이토리,2
바,2
페스츄,2
베르베르,2
가로,2
가로수길,2
우유,2
흑임자,2
상도,2
상도동,2
현대서울점,2
제주,2
제주도,2
소개,2
쿠키,2
사워,2
성동구,2
코범벅,2
범벅,2
몽소,2
림카페,2
방문후기,2
문정,2
문정동,2
암사,2
사가정역,2
꽃,2
크림빵맛집,2
빵플레이스,2
그린,2
샷,2
솜,2
창고,2
아침,2
러스트베이커리,2
오션,2
오션뷰,2
감,2
방문기,2
이대,2
당산,2
동물원,2
고양,2
블루리본,2
리본,2
빵킷리스트,2
리스트,2
관악,2
샤로,2
샤로수,2
월성,2
에이,2
온도,2
진짜,2
프,2
청라,2
지출,2
대공원,2
랜드,2
생크림팡,2
성북구맛집,2
3대맛집,2
원효로,2
크루아상맛집,2
빵나무,2
쿠리노,2
쿠리노키,2
르랔,2
11,2
용인,2
노브,2
노브133,2
133,2
양,2
장국,2
산정,2
산정호수,2
베이커리맛집,2
도토리,2
지역,2
아이스,2
아이스크림,2
주택,2
개조,2
호,2
곡점,2
인사,2
인사동,2
샌드위치맛집,2
왕,2
창역,2
프랑제리피어,2
양역,2
탑,2
정직,2
영자,2
행주산성,2
팩토리,2
호강,2
크로플,2
빵추천,2
광흥창,2
마리,2
카페추천,2
마장,2
마장호수,2
브루,2
앞치마,2
중구,2
신당,2
신당동,2
추억,2
제과명장,2
도장,2
대박,2
소개팅,2
오드,2
마농,2
마농바게트,2
식품관,2
관,2
봄,2
공간,2
유럽,2
유럽감성,2
낭,2
공릉점,2
158,2
광장,2
광장동,2
마카롱,2
마늘바게트,2
엠,2
개,2
버터힐,2
힐,2
햄,2
이역,2
곤트란쉐리,2
근대,2
레이어드,2
연남동맛집,2
후기,2
부평점,2
평점,2
패티번,2
터키,2
빵순례,2
브리,2
국내,2
외대,2
개포,2
개포동,2
탈리,2
탈리안,2
플레이트디저트,2
도림,2
부평,2
벚꽃,2
서래마을,2
할로윈,2
링,2
신대,2
원조,2
9,2
감자밭,2
한옥카페,2
멜론,2
멜론빵,2
천호,2
천호동,2
대리,2
연남동빵맛집,2
안국153,2
153,2
퍼햅스,2
엘,2
포도,2
유,2
릴,2
릴리베이커리,2
예약방법,2
킹,2
설렁탕,2
문래,2
문래동,2
신정,2
신정동,2
크샵,2
22,2
시청,2
연휴,2
권선,2
권선동,2
통인,2
도너츠,2
스퀘어,2
섬역,2
알,2
등등,2
이탈,2
7개,2
종류별,2
서촌,2
텔,2
변,2
옹,2
구석,2
할인,2
김해,2
공항,2
나스,2
여,2
양수리,2
독일,2
이천,2
전지적참견시점,2
전참시,2
참시,2
오리,2
남양주,2
청주,2
을왕리,2
갈비,2
광명,2
브레드럼,2
럼,2
농원,2
강남빵집,2
셰프,2
빠르끄,2
목멱산,2
봉,2
천역,2
고양,2
고양시,2
서오릉,2
경성,2
경성빵공장,2
파파,2
부근,2
강서,2
하남,2
본보,2
대기,2
혜화역,2
살롱,2
식당,2
일,2
구,2
프로,2
제,2
빙수,2
비주얼,2
짱,2
전국3대마늘,2
권뚱,2
뚱,2
사생활,2
사생활노트,2
공룡,2
공룡빵공장,2
홍종흔,2
흔,2
설악산,2
소금빵맛,2
소금집,2
건대,2
성공,2
우드,2
노을,2
무화과,2
모구,2
발효종,2
마샤,2
마샤바게트,2
계역,2
미사,2
폴바셋,2
셋,2
바속초,2
오빵,1
시작,1
반했,1
버터풍미,1
해방촌맛집,1
퍼햅스에서,1
방배동빵집,1
떡,1
떡빵,1
서초빵집,1
예술인,1
올리브스틱,1
스틱,1
넘,1
시따,1
곡빵집,1
방화,1
방화본점,1
빵냄새,1
냄새,1
명장빵집,1
마포빵집,1
선한,1
한남,1
모과자점,1
대한민국,1
대한민국제과명장,1
민국,1
몽블랑,1
고소,1
고소미버터롤,1
용산역빵집,1
신길빵집,1
보라매,1
보라매빵집,1
서울광진,1
광진,1
강변역,1
변역,1
주모,1
주모옥,1
잠봉뵈르,1
촌데이트,1
야외테라스,1
홍제,1
홍제동,1
수완,1
맛집ㅣ오월,1
퀄리티,1
서초,1
서초구,1
초소,1
초소책방,1
책방,1
완벽,1
자체,1
기분,1
인테리어,1
아르보,1
아르보르,1
택배빵집,1
리어,1
서울2일차,1
일차,1
조선호텔디너,1
이제,1
세트,1
세트메뉴,1
사브르,1
애플티케이크,1
빵택배후기,1
빵지순례시,1
바게트케이,1
케이,1
제일,1
제일제당,1
제일제당사옥,1
제당,1
사옥,1
맘모스빵맛집,1
서울멸치쌈밥,1
쌈,1
가산,1
가산동,1
호떡,1
호떡나들이,1
단풍뷰,1
구래동케이크,1
특별,1
완성,1
낙성대역빵맛,1
서울빵집추천,1
몽촌토성역,1
촌토,1
포모르카페,1
제주맛집,1
번째,1
번째방문,1
약수동,1
구로,1
구로빵맛집,1
문호,1
리버,1
리버뷰,1
서울근교드라이브코스,1
재방문각,1
선정릉,1
보세,1
오늘저녁,1
저녁,1
프렌치토스트,1
왕십리,1
꼬밍,1
145,1
지로입구,1
그라츠,1
그라츠과자점,1
속이,1
서울고속버스터미널,1
정남,1
정남미명과,1
명과,1
16,1
선릉역,1
농민,1
암순대,1
포레스트,1
김천,1
자산,1
맘모스맛집,1
동작구카페,1
부암동스코프,1
절정,1
산토리,1
서울여행맛집,1
빵지도,1
서울역빵맛집,1
마중물,1
신사,1
신사동,1
부모님,1
시절,1
옛날,1
쥬얼리,1
아저씨,1
영광영광ㅠ,1
ㅠ,1
저격,1
서울빵맛집이,1
이사,1
충,1
서울식품,1
폭,1
폭신한,1
신한,1
가마솥,1
가마솥빵,1
식빵택배,1
멋집,1
주니어,1
생각,1
2022.02,1
정자,1
정자동,1
통밀빵,1
우설,1
인생식빵,1
나폴레옹과자점,1
서울3대베이,1
서울용산구맛집,1
한남동맛집,1
숯,1
랍스,1
랍스터,1
호수뷰,1
도넛맛집,1
안국역맛집,1
노트디도넛,1
빵덕후의,1
후의,1
러스틱,1
러스틱오븐,1
ㅡ,1
ㅡ소금빵,1
사당빵집,1
이수빵지순례,1
입맛,1
현대홈타운,1
홈,1
타운,1
수요일,1
장서,1
덕후,1
말,1
아우,1
이국,1
욕,1
신당카페,1
도봉,1
도봉구,1
도봉구빵맛집,1
1089,1
양평역,1
평역,1
프랑스버터,1
라꽁비에뜨,1
와플맛집,1
상봉,1
438,1
수원제작케이크,1
씨익으,1
10종,1
청평,1
자,1
157,1
블랑제리코팡,1
제리코,1
의정부,1
친절,1
피자맛집,1
자자,1
이가격,1
쟈뎅,1
디베르,1
에이치마켓,1
남방앗간,1
방앗간,1
서울역점,1
바빵,1
강남구청빵집,1
음,1
음685,1
685,1
맛집이여,1
여,1
경기광주빵집,1
오브,1
오브코,1
우유크림번,1
흑임자번,1
서울연희동,1
소금빵추천맛,1
동작,1
애월,1
막걸리,1
막걸리빵,1
제주도여행,1
소금빵카페,1
키친,1
키친오즈,1
오즈,1
왁,1
왁커피,1
진루,1
진루아쏘,1
아쏘,1
성북동빵집,1
서울둘레,1
둘레,1
가볼만한,1
꾸울,1
꾸울과자점,1
명성,1
식빵맛집,1
빵집투어,1
크림도넛,1
삼고,1
삼고초려,1
초려,1
끝,1
서울역광장,1
빵카페,1
칠,1
칠암사,1
빵꽃빵꽃,1
면목,1
면목동,1
포레스트아웃팅스,1
아웃,1
팅스,1
탱글거리,1
새우,1
선유,1
선유도,1
피카,1
꽁뜨,1
꽁뜨빵,1
대비,1
소금크림빵,1
역삼디저트맛집,1
서울디저트맛집,1
빵배달,1
밀크,1
밀크티,1
그린티샷라떼,1
라떼,1
토마토,1
아바,1
예산,1
수덕산,1
리솜,1
유양,1
유양창고,1
서울대입구,1
강릉역,1
커피빵,1
이수빵맛집,1
판매,1
판매시간,1
기억,1
맛집,1
스타감성,1
냠,1
낙성대빵집,1
소세지,1
소세지빵,1
아방,1
아방베이커리,1
서울숲점,1
식감최,1
브뉴,1
옥수역,1
베이크베이크,1
크베이크,1
이대서울병원,1
룬,1
대파,1
문어빵,1
메밀꽃,1
호숫가,1
흥용,1
흥용과자점,1
이흥,1
고양터미널점,1
커피로스터스,1
로스,1
터스,1
포장맛집,1
빵천국,1
정자,1
정자베이커리맛집,1
수역빵맛집,1
왓,1
왓어원,1
어원,1
월성동,1
에이더블유씨,1
더블유,1
탕수육,1
락원,1
버터프레첼,1
첼,1
빵맛집카페,1
120,1
환,1
우유식빵,1
3만원,1
만,1
서울대공원점,1
서울랜드,1
가산디지털단지,1
배달리뷰,1
우장,1
우장산,1
대치동카페,1
파이,1
파이하우스,1
방부제,1
방부제빵,1
살,1
살안,1
7살,1
살,1
어린이,1
빵집추천,1
랑스,1
양평,1
양평동,1
망원빵맛집,1
일본식,1
오쇼,1
오쇼콜라,1
콜라,1
오르랔,1
11개,1
4월일상-1,1
-1,1
파주맛집추천,1
서울근교맛집,1
여명,1
여명양평,1
1932,1
서울종로,1
서울여자,1
여자,1
현대서울주차,1
현대서울빵맛,1
홍차,1
홍차크루아상,1
충정,1
해피,1
피브레드,1
신용,1
삼각,1
삼각지역,1
촉감,1
쌍문,1
쌍,1
선스랩,1
스랩,1
원효로1,1
앙보메,1
보메,1
수점,1
주택개조,1
2호점,1
단풍나무점,1
곡카페,1
종로,1
종로구,1
수송,1
수송동,1
명지,1
글룩,1
룩,1
천연발효종,1
꾸덕,1
꾸덕바,1
2종,1
택배주문,1
향동,1
푸른,1
열,1
열엿새,1
엿새,1
미수,1
모카,1
메가,1
메가번,1
서울연남동,1
돈내산리뷰,1
코코테,1
테,1
광흥,1
광흥창역,1
성비,1
서울미트,1
미트,1
잠봉뵈,1
봉천,1
봉천동,1
쁘숑,1
쁘숑제과점,1
영화,1
영화동,1
동두천맛집,1
소요,1
소요산탑,1
욥,1
ㅣ건강,1
파주카페,1
자연,1
양재시민,1
시민,1
퀄,1
카카오,1
문정역,1
파브리,1
이,1
츠커피팩토리,1
기차,1
경북,1
경북포항,1
매력적,1
눈,1
눈호강,1
입호강,1
헵스,1
배달포장,1
쌉가능,1
낙산사,1
막국수,1
상운,1
상운메밀촌,1
메밀,1
여운,1
여운포리빵집,1
포리,1
강동구,1
갸,1
마마,1
올리브빵,1
윌리엄,1
윌리엄스버,1
스버,1
오데뜨,1
데뜨,1
패스트,1
티크,1
신라,1
신라호텔,1
마리토쪼,1
토쪼,1
처돌이,1
줄,1
특송,1
야외테이블,1
27,1
들,1
남한,1
남한산성,1
염창,1
염창동,1
등촌역,1
촌역,1
이시스,1
명일,1
명일동,1
꼴드,1
쉐프,1
수석쉐프,1
경기광교,1
광교맛집,1
서울브런,1
쿳,1
드라이브코스,1
설월,1
설월23,1
23,1
사실,1
서산,1
서울고려,1
고려,1
샤뽀,1
내부,1
취식,1
도전,1
생크림팥빵,1
슈크림팥빵,1
씨스터,1
연희동맛집,1
연희동소금빵,1
조천,1
조천읍,1
읍,1
림빵집,1
밸런스,1
밸런스베이커리,1
피오니,1
오니,1
정석-12시,1
-12,1
시,1
중랑,1
중랑구,1
사가정역빵집,1
생방송투데이,1
투데이,1
오늘방송맛집,1
방송,1
타르트,1
낙성대입구,1
안국역카페,1
봄나들이,1
가기,1
가세,1
카페폴,1
체,1
체코,1
성수공간,1
낭낭,1
안산,1
서울예대,1
예대,1
주변,1
맞춤,1
전국빵투어,1
약수역빵굼,1
고속터미널,1
스테이션,1
세계,1
상일,1
상일동,1
고덕,1
카페리,1
카페리뷰,1
광교빵맛,1
노원,1
음식,1
문정동빵집,1
광나루,1
나루,1
방역,1
메종엠오,1
부암동카페,1
기생충,1
성대,1
서울커피맛집,1
테라,1
럽,1
언덕,1
백,1
백년가게,1
가게,1
점,1
입문,1
2대,1
명가,1
4대,1
제로,1
제로햄,1
수제잠봉,1
방이역,1
골목단팥빵,1
해운대,1
마린,1
마린시티,1
반가,1
슈톨렌,1
톨,1
렌,1
보관,1
76,1
76년,1
빵쇼핑,1
쇼핑,1
04,1
연하,1
연하동,1
1박,1
박,1
2일,1
로스터,1
북한강,1
연남동디저트,1
택배간식,1
유도,1
스뚜스,1
후무,1
무,1
유명세,1
생크림소금빵,1
스터드,1
스터드소금빵,1
현대서울점ㅣ,1
림역,1
가산디지털단지카페,1
터키빵,1
프레드,1
프레드릭베이커리,1
릭,1
롯데아울렛근처,1
아울렛,1
서울근교카페추천,1
앤콩쓰,1
콩쓰,1
극성,1
송파나,1
만큼,1
통옥수수빵,1
교대역빵집,1
카사바,1
카사바비,1
베리커리,1
디저트추천,1
여의도빵집,1
용산빵집,1
용산맛집,1
브리오슈,1
귀,1
귀외치,1
외치,1
최초,1
터키요리,1
이색,1
이색맛집,1
한국,1
한국외대,1
외,1
외대점,1
대점,1
우리집,1
프렌,1
프렌떼,1
떼,1
4.2,1
쥬,1
레스토랑겸,1
겸,1
현대서울카페,1
느낌,1
운영,1
운영시간,1
손동운,1
동운,1
상도,1
상도전통시장,1
빵쇼핑몰,1
쇼핑몰,1
초량,1
빵겟팅,1
겟팅,1
대성공,1
위례,1
위례카페,1
밀파,1
천,1
타르데마베이커,1
서촌스코프,1
한옥마을,1
브라우,1
서울문산,1
고속도,1
설문,1
뮌스터,1
서울베이커리,1
사롱,1
카페레이어드,1
빵디저트맛집,1
서울데이트,1
빼기,1
신세계,1
신세계백화점,1
촌브,1
촌브런치카페,1
오징어,1
오징어게임,1
게임,1
링씨,1
푸드,1
푸드레스토랑,1
해물,1
해물뚝배기,1
뚝배기,1
맛집추천,1
220318,1
슝,1
신대방,1
렁트,1
파운드,1
관악,1
관악구,1
미성동,1
소보로,1
압구정로데오역,1
로데,1
오역,1
하츠,1
하츠베이커리,1
푸딩,1
푸딩맛집,1
브로트,1
아트,1
역삼카페,1
한성,1
입구역,1
태원,1
브런치,1
중랑,1
내,1
신내,1
신내동,1
대형빵집,1
스압주,1
강릉맛집,1
신대방삼거리,1
삼거리,1
몽소ㅣ밤,1
식빵ㅣ앙버터,1
ㅣ앙,1
별,1
홍콩,1
안국빵집,1
제작케이크,1
레터링,1
레터링케이크추천,1
서울역광장점,1
명,1
빵택배맛집,1
목포,1
씨엘비,1
안동,1
맘모스베이커리,1
크림치즈빵,1
포도빵집,1
오르랔베이커리,1
배달후기,1
보광,1
보광동,1
모어그린,1
장,1
유원지맛집,1
원지,1
돈내산후기,1
통영,1
통영시,1
통영전통,1
모드,1
까치,1
까치산,1
플래브,1
연남동소금빵,1
구름,1
구름정원제빵소,1
정원제,1
인피,1
인피닛,1
닛,1
이도,1
비건베이킹,1
비건비거닝,1
비거,1
닝,1
남점,1
그리스,1
첨단,1
서울깍두기,1
깍두기,1
해장,1
율베,1
뽀또,1
락희,1
에끄로,1
베이크샵,1
2022,1
2022년도,1
년도,1
최신,1
최신버전,1
버전,1
전국빵집,1
전국빵지도,1
22년,1
년,1
1월,1
서울시청,1
인기메뉴인,1
메뉴인,1
그레도,1
포장마차,1
마차,1
제주여행,1
모뉴에트,1
뉴에트,1
푼,1
가봉,1
버터맛,1
나폴레옹제과점,1
서울3대,1
필수코스,1
서울망원동,1
통인동,1
청포도,1
이드,1
망원빵집,1
수유,1
기념일,1
비바서울,1
샐러드,1
내산후기,1
양재점,1
성수베이킹스튜디오,1
트리,1
트리스퀘어,1
1층,1
층,1
밀도메인,1
메인,1
얀,1
쿠브,1
쿠브레,1
자색,1
자색고구마빵,1
국민,1
국민대,1
보난자,1
협재,1
알앤알,1
연남동빵집,1
스베,1
베띠,1
쉐이,1
쉐이크쉑,1
크쉑,1
종각점,1
주목,1
팡야,1
장대리,1
제주빵집,1
수욕장,1
퍼센트,1
프렌치스타일,1
스타일,1
조식,1
소피,1
소피텔,1
앰,1
앰배서,1
배서,1
군산,1
이대서울병원맛,1
곡빵맛집,1
므레크,1
상수,1
레뜨와,1
뜨와,1
프레페,1
야마뜨,1
마뜨,1
물가,1
통영애,1
영애,1
훈,1
국,1
풍화,1
풍화김밥,1
김밥,1
오미,1
성수카페,1
레전드,1
전드,1
구석구석,1
동네맛집,1
카토리,1
도토리빵,1
성,1
성수역,1
