빵,1067
맛,1040
집,1005
맛집,641
카페,497
경기,425
베이커리,320
광주,217
소금,164
빵집,161
빵맛집,137
소금빵,132
동,125
경기광주,105
동,98
소,90
추천,81
수원,72
파주,61
포,58
평,58
커피,53
김,47
디저트,47
일산,47
빵소,46
분당,43
베이커리카페,41
뷰,39
후기,36
용인,35
남양주,35
지,33
브런,32
대형,31
점,31
명장,30
분위기,30
파스타,30
르,29
시,29
순례,29
마늘,27
종,26
시흥,26
퇴촌,25
곳,25
서울,24
베이,24
택,24
빵지순례,24
김포,24
고양,23
이천,23
브레드,22
양주,21
남,20
터,20
돈,19
평택,19
안산,19
공원,18
피자,18
버터,18
제과점,18
오,18
팔,18
의정부,18
가평,17
마늘빵,17
프로,17
광,17
유명,17
도,17
쁘숑,17
백현,17
백현동,17
소금빵맛집,16
본점,16
대형카페,16
내산,16
경기,16
경기도,16
영화,16
영화동,16
행궁,16
공장,16
부천,16
단팥빵,16
가격,15
방스,15
돈내산,15
리,15
종류,15
판교,15
미,15
양,14
양,14
신상,14
달인,14
유기농,14
다양,14
레,14
키,14
구래,14
방,13
만,13
오포,13
바게트,13
왕,13
근처,13
경기광주맛집,13
비,13
건강,13
데이트,13
모,13
하,13
하우스,13
근교,12
경기광주빵집,12
이정,12
이정훈제빵소,12
훈제,12
폴,12
렌,12
내,12
시대,12
광명,12
베,12
안양,12
케이크,12
선생,12
이너,12
빵카페,12
바,12
다산,12
태전,11
태전동,11
양평,11
생활,11
명장시대,11
빵맛,11
커피맛,11
헤이,11
구,11
성남,11
밀,11
빵선생,11
프,11
투,11
방문,11
로프,10
드라이브,10
테라스,10
킹,10
ㅣ,10
크림,10
인정,10
쁘숑제과점,10
행궁동,10
투어,10
시,10
코스,10
구리,10
교,10
크림빵,10
이너프투,10
스타,10
수제,10
벨,10
은,10
스테이크,10
롯데,10
슬라이스,9
피스,9
천연,9
이배,9
재,9
가능,9
1,9
오산,9
아침,9
탑,9
미사,9
중동,9
벨르,9
슈,9
레스토랑,9
무궁화,9
파이브,9
동네,8
주차,8
스콘,8
음,8
아울렛,8
버터킹빵공장,8
대,8
디,8
뷰맛집,8
애,8
하남,8
콘,8
삼송,8
홍,8
나들이,8
밤,8
엘,8
치아,8
제리,8
버거,8
프로방스베이커리,8
밥,8
블랑,8
르방팩토리,7
팩토리,7
호수,7
이,7
숲,7
제과,7
산,7
면,7
수,7
프리미엄,7
커피맛집,7
애견,7
동반,7
아상,7
유,7
식당,7
서,7
플,7
림,7
천,7
화성,7
속,7
글,7
금,7
루프,7
장,7
홍종흔,7
흔,7
풍차,7
현리,7
모범,7
빵명장,7
발효,7
치아바,7
처,7
소개,7
티,7
경기광주카페,6
설월,6
설월23,6
23,6
앤,6
프로방스,6
디저트맛집,6
여기,6
제주제,6
제주제빵소,6
맘모스,6
맘모스빵,6
주역,6
옛날,6
빵종류,6
현대,6
아웃,6
건강빵,6
성지,6
오이,6
페브,6
최,6
즈,6
위,6
전국,6
이배재제빵소,6
재제,6
트리,6
필드,6
거리,6
딸기,6
제로,6
아이,6
경기미,6
성비,6
플레이스,6
폴콘,6
산성,6
야,6
샌드위치,6
여주,6
신도시,6
대부도,6
슈톨렌,6
톨,6
백화점,6
신세계,6
커피하우스,6
저수지,6
경안,6
경안동,6
초,5
정훈,5
시장,5
3,5
메,5
슬라이스피스,5
원당,5
인생,5
추자,5
메뉴,5
막국수,5
경기광주역,5
중대,5
중대동,5
페,5
몽,5
기흥,5
떼,5
천,5
수원맛집,5
호,5
테,5
브릭,5
달,5
보드,5
과자점,5
터,5
홈,5
배달,5
오늘,5
문,5
유기농빵,5
군,5
닭,5
밍웨,5
치즈,5
감성,5
루프탑,5
초대형,5
빵공장,5
빵다방,5
다방,5
고양,5
고양시,5
발견,5
토브,5
크로,5
나,5
수원빵맛집,5
정식,5
남한,5
2,5
코,5
별,5
베이커스,5
커스,5
경주,5
슈크림,5
키친,5
갈비,5
명인,5
릴,5
무궁화파이브,5
율동,5
백현동빵맛집,5
통,5
중대,4
물빛,4
동네빵집,4
이정훈,4
야외,4
서울근교빵맛,4
운트,4
재료,4
폴렌베이커리,4
슈샤,4
양평,4
목,4
베이커리맛집,4
년,4
전통,4
애견동반,4
호작도,4
작도,4
레스트,4
크루,4
크루아상,4
밀화,4
비건빵,4
건빵,4
유기,4
농제,4
방송,4
파티,4
촬영,4
장소,4
타이틀,4
리뷰,4
달맞이,4
향남,4
시흥,4
시흥시,4
명물,4
산책,4
태전,4
롤링,4
소보로,4
요리,4
마을,4
파이,4
시,4
나스,4
베이글,4
산점,4
키스톤,4
스피시,4
디저트카페,4
역점,4
리버,4
10,4
양평빵나들이,4
고기,4
한우,4
쎄비앙,4
일상,4
안스,4
베들레,4
들레,4
쉐프,4
카페거리,4
앙,4
떡,4
몽뻬르,4
호두,4
국수,4
택배,4
군포,4
엘토브,4
식빵,4
재은베이커리,4
대전,4
한강,4
최고,4
정역,4
이상,4
독일,4
촌,4
전,4
다산동,4
테라,4
피,4
포장,4
위례,4
절미,4
원,4
가성,4
안,4
민락,4
민락동,4
수원빵집,4
율동공원,4
슈크림빵,4
수,4
배송,4
시흥카페,4
동두천,4
곤지,4
암,4
수지,4
분당빵집,4
파인,4
파인테라스,4
블랑제리,4
인구,4
샐러드,4
굴뚝,4
굴뚝빵,4
고로케,4
전주,4
세류,4
베이커스가,3
화도,3
인테리어,3
뱀부,3
숲베이커리,3
강릉,3
정보,3
오라,3
오라운트,3
집이,3
이배재,3
기행,3
카페슈샤,3
덕,3
덤,3
빵깨비,3
깨비,3
연유,3
맛집추천,3
힙,3
소사,3
당신,3
대한,3
파주시,3
마장,3
카,3
위치,3
스페이스,3
베이커리크램,3
크램,3
안성,3
붕어,3
시흥빵집,3
한옥,3
테이크,3
테이크아웃,3
직접,3
생크림,3
프랑스,3
덕양,3
덕양구,3
랍스터,3
포읍,3
파크,3
신원,3
신원동,3
권선,3
권선동,3
마라,3
북한강,3
서종,3
서종면,3
카페투어,3
드라이브코스,3
퇴촌맛집,3
정자,3
점,3
주차장,3
사라다,3
사라다빵,3
장기,3
장기동,3
중,3
시청,3
설문,3
황,3
구래동,3
방문후기,3
식사,3
식사동,3
일산베이커리,3
아기,3
스콘맛집,3
산역,3
호밀,3
안스베이커리,3
숲속,3
누벨,3
팔당호,3
당호,3
삼송빵집,3
브레드쏭,3
쏭,3
크로아상,3
운영,3
힐링,3
광교,3
앙버터,3
월,3
몽블랑,3
마샤,3
마샤바게트,3
170,3
베이커,3
북수원점,3
배,3
전남,3
회,3
이,3
이천,3
스마일,3
우리,3
남한산성입구역,3
입,3
구역,3
크림한상,3
한상,3
생방송,3
생방송투데이,3
투데이,3
짬뽕,3
어디,3
봄,3
상동,3
건,3
경주빵,3
매탄,3
나인,3
나인블럭,3
블럭,3
여행,3
평촌,3
케익,3
밭,3
크리스마스,3
선물,3
인천,3
카스,3
카스테라,3
말,3
일산빵맛집,3
웨스턴,3
기능장,3
마석,3
정자,3
정자동,3
가성비,3
타임,3
경기신세계맛집,3
이성,3
명장터,3
경기광주레스토랑,3
계동,3
샹그리,3
바웃,3
바웃브레드,3
브리,3
수제버거,3
초월,3
빵추천,3
랩,3
안산,3
안산시,3
단원,3
에스프레소,3
구,3
베니어,3
얌얌,3
40,3
옵스,3
달보드레,3
유기농제빵소,3
군산,3
디유도,3
유도,3
곤지암,3
류재,3
새우,3
탕,3
천연발효,3
갈매,3
처인구,3
경기맛집,3
토스트,3
플렌,3
빵플레이스,3
갈비밥,3
칠,3
수원역,3
쌍,3
령,3
고잔,3
고잔동,3
서오릉,3
테이블,3
식,3
주말,3
여수,3
단골,3
마카롱,3
초월읍,2
월읍,2
느낌,2
중대물빛공원,2
호수공원,2
코로나,2
화도본점,2
표,2
김포카페,2
야외테라스,2
중앙,2
메종뒤샤,2
뒤샤,2
부천역,2
방문기,2
천연버터,2
맛집이,2
자전거,2
신상카페,2
짱,2
광주시,2
100,2
메밀,2
중미산,2
끝판,2
끝판왕,2
만두,2
경기광주점,2
대한민국,2
민국,2
엔,2
엔트로피,2
트로피,2
경기광주오포,2
베이크림,2
앙토,2
렘,2
도넛,2
경기도광주카페,2
소금커피맛집,2
스페셜,2
계란빵,2
사진,2
가평카페,2
왁,2
왁커피,2
진루,2
진루아쏘,2
아쏘,2
손,2
칼국수,2
네트,2
대표,2
사람,2
붕어빵,2
땅콩,2
삐에스몽,2
데미안,2
예약,2
파주빵맛집,2
갸,2
랍스,2
보,2
89,2
6,2
그랜드,2
그랜드뮤즈,2
뮤즈,2
센트럴,2
화덕,2
수목원,2
문호리,2
호리,2
물빛공원,2
태전동카페,2
츠,2
천점,2
선,2
가평,2
가평군,2
경기도광주,2
미술관,2
빵맛집,2
메인,2
메인스트리트,2
스트리트,2
빙수,2
의정부시,2
안데스,2
오픈,2
필수,2
추억,2
야채,2
야채빵,2
소빵투어,2
경기성남,2
최애빵집,2
제주,2
마스,2
뉴,2
다이,2
닝,2
미,2
미금,2
대야,2
부천시청,2
줄,2
초대형카페,2
뜀틀,2
뜀틀빵,2
설문커피,2
설문,2
설문동,2
마들렌,2
이전,2
판매,2
호,2
파이프,2
파이프베이,2
풍동,2
브루,2
이천빵지순례,2
이천빵맛집,2
양평디저트카페,2
제이,2
구래점,2
성사,2
성사동,2
한우천국,2
천국,2
몽르베,2
디너,2
호밀빵,2
누룽지,2
전국3대마늘,2
시내,2
양동,2
용인맛집,2
마약,2
마약옥수수빵,2
옥수수,2
옥수수빵,2
소보로빵,2
고양스타필드,2
일산카페,2
양평카페,2
비어,2
치킨,2
종로,2
종로구,2
육회,2
그니,2
드르,2
11,2
11월,2
발자국,2
인계,2
인계동,2
프랑,2
프랑제리,2
사과,2
사과빵,2
플라자,2
능원,2
호두단팥빵,2
작지,2
수제빵,2
먹물,2
영,2
부대,2
부대찌개,2
찌개,2
도자기,2
빵플레이스39,2
39,2
오가,2
페스츄,2
예전,2
오산카페,2
도,2
한스,2
햄버거,2
얼마,2
김포,2
김포시,2
소문,2
한강뷰,2
양평,2
양평군,2
양수리,2
송정,2
송정동,2
밀루이,2
루이,2
수제버거,2
토리,2
디어비건베이커리,2
어비,2
송,2
카페맛집,2
대역,2
레트,2
팥빙수,2
복,2
9,2
중대동점,2
동점,2
파파,2
마르,2
마르키친,2
다산신도시,2
동,2
오븐,2
퇴촌갈비밥,2
샹,2
춘천,2
리베르,2
리베르테,2
금정,2
남한산성,2
길,2
위,2
위베이,2
상점,2
허브,2
글림,2
장지,2
마늘바게트,2
죽전,2
르봉,2
리종,2
베스트,2
등,2
메종블랑,2
제과기능장,2
화수분,2
달맞이빵,2
원흥,2
김포빵집,2
가스,2
크로와상,2
이동,2
현리맛집,2
을,2
구,2
먹,2
일본,2
모도리,2
트라,2
트라토리아,2
토리아,2
남양주맛집,2
피자맛집,2
후,2
뱃길,2
야탑,2
프리미엄카페,2
몰,2
브리오슈,2
솜,2
준비,2
부천,2
부천시,2
출연,2
특별,2
남이섬,2
풍무,2
풍무동,2
비앙그,2
이색,2
물,2
경기광주브런,2
은행,2
은행동,2
용인베이커리카페,2
쿠키,2
누,2
이크,2
포도,2
스테이크하우스,2
토끼,2
115,2
키로,2
판교빵집,2
정직,2
용인,2
용인시,2
라니,2
라니베이커리,2
오후,2
태전동맛집,2
로크,2
로크랩,2
당근,2
당근소금빵,2
바,2
뷔페,2
행궁동빵집,2
5,2
하루,2
낭시,2
하프,2
하프커피,2
에코,2
에코점,2
원곡,2
원곡동,2
폼,2
드팡,2
일,2
일산점,2
보통,2
롱,2
롱카페,2
류재은베이커리,2
닭도리탕,2
도리,2
롯데아울렛,2
티장,2
나랏님,2
술집,2
누리,2
빠띠,2
빠띠쓰리애나스,2
쓰리,2
소개울,2
개울,2
주문,2
동백,2
플레이,2
백,2
롯데백화점,2
상록,2
실내,2
완전,2
김포빵맛,2
시간,2
월리,2
음료,2
연남,2
연남동,2
서울근교,2
마늘빵맛집,2
식물원,2
가야,2
피자빵,2
쌍령동,2
토요일,2
삼겹살,2
잣,2
스타필드,2
빛,2
박달,2
포장기,2
남양주카페,2
최애,2
리버뷰,2
북촌,2
북촌고로케,2
철,2
주재,2
고산,2
코태그,2
태그,2
통삼제빵소,2
삼제,2
오테이블,2
탈리,2
체,2
옥,2
자연,2
대구,2
오브,2
오브뵈르,2
뵈르,2
오포읍,2
한식,2
어린이,2
하동,2
고구마,2
고구마빵,2
실,2
가시,2
풍미,2
27,2
단팥빵맛집,2
모임,2
강변,2
노브,2
노브133,2
133,2
소화,2
분당맛집,2
탐방,2
식전,2
파스타맛집,2
이탈,2
홈파티,2
중리,2
세류동,2
양옥,2
양옥빵집,2
38,2
경기평택,2
원당,2
원당동,2
이야기,2
최대,2
최대카페,2
양주커피맛집,2
태극,2
브래드,2
유럽,1
코트지,1
코트지앤,1
60,1
60여종,1
여,1
초보,1
초보운전,1
운전,1
경기남부,1
남부,1
곰,1
곰표막걸리,1
막걸리,1
중앙시장,1
만동,1
만동제과,1
3종,1
시기,1
바이,1
바이버터,1
국내산,1
29,1
광주오포카페,1
베이킹,1
빵맛집추천,1
경기광주빵맛,1
짱맛빵집,1
광주시청밀목맛,1
청밀,1
경기광주카페추천,1
섬진강,1
섬진강빵,1
인생맛집이,1
메뉴추천,1
중미산막국수,1
광명맛집,1
빵명장ㅣ베이커리,1
철산,1
철산동,1
듀드팡,1
경기광주역근처,1
주차정보,1
오포옛날,1
빵만두맛집,1
옛날빵,1
점집,1
용인점집,1
경기광주점집,1
주점,1
우정사,1
현지인,1
동카페,1
경기퇴촌맛집,1
산아래,1
아래,1
똥글이,1
광탄,1
광탄면,1
마장호수근처,1
용인빵집,1
28,1
28년,1
앙토낭카렘,1
낭,1
퇴촌,1
퇴촌면,1
데일리,1
브레드카페,1
빵가격,1
시식,1
시식가능,1
현대프리미엄,1
스페이스1,1
카페몽베르,1
떼레노시떼,1
노시,1
분위기맛집,1
경기안성시,1
안성시,1
힐러,1
힐러타로카페,1
타로,1
김천,1
자산,1
향기,1
향기맛집,1
포사,1
추천맛집투어,1
구좌,1
손칼국수,1
포레스트아웃팅스,1
팅스,1
이유,1
땅콩빵맛집,1
삐에스몽테,1
식물,1
이용,1
이용후기,1
메뉴판,1
네이버,1
네이버예약,1
유퀴즈빵집,1
퀴즈,1
달보드레유기,1
농제빵소,1
오데뜨,1
데뜨,1
인절미,1
인절미생크림빵,1
계피,1
쥬,1
스파,1
스파게트,1
게트,1
쁘숑과자점,1
싯,1
홈파티음식배달,1
음식,1
오포카페,1
시오빵,1
6대,1
오포읍카페,1
카페추자,1
센트럴파크카페,1
핵,1
신원동빵맛집,1
브레드몽드,1
몽드,1
화덕고깃간,1
고깃간,1
포켓,1
순두부,1
순두부열라면,1
열라면,1
강원,1
강릉시,1
장인,1
아침고요수목원,1
고요,1
가평달맞이빵,1
경기향남,1
우산,1
우산식당,1
남동,1
남디종,1
크렌,1
크렌베리,1
베리,1
서종제빵소,1
종제,1
카페추천,1
계곡,1
명물등대,1
등대,1
독스,1
태전동베이커리,1
분당맛집ㆍ,1
ㆍ,1
정자맛집,1
경기정자점,1
밀크레이프,1
크레이프,1
지축,1
미츠,1
관악,1
관악구,1
미성동,1
성동,1
앨리스,1
앨리스포레,1
주차편리,1
편리,1
선바위,1
바위,1
근처맛집,1
의왕,1
의왕시,1
송파,1
송파구,1
멸치,1
멸치요리,1
닭강정,1
강정,1
지맛집,1
소금크림,1
경기광교,1
광교맛집,1
루트,1
루트플랜트,1
플랜트,1
디카페인,1
카페인,1
비주얼,1
주의,1
모베이커리,1
외,1
메인스트리트카페,1
빙수맛집,1
스벅으,1
여행지,1
양주시,1
장어,1
장어덮밥,1
덮밥,1
오픈런,1
런,1
추억속,1
일주일,1
한번,1
간,1
기대,1
곡반정,1
곡반정동,1
커크,1
커크베이커리,1
1일1,1
일,1
크림치즈,1
제주감성,1
빵맛집카페,1
비뉴,1
밍웨이,1
카페다이닝,1
일산맛집,1
달맞이빵베이커리,1
중산점,1
대야동,1
마운틴,1
마운틴뷰,1
줄라이,1
라이,1
홈메이드베이커리,1
메이드,1
장기역,1
기역,1
황남빵,1
2022,1
2022년도,1
년도,1
최신,1
최신버전,1
버전,1
전국빵집,1
전국빵지도,1
지도,1
금남,1
조각달,1
조각달과자점,1
레이크,1
레이크포레스트,1
고양시청,1
레몬,1
레몬마들렌,1
비스,1
비스콘,1
로켓,1
삼송브런,1
골드,1
겔,1
확장,1
신규,1
호,1
호호브레드,1
목현동,1
현동,1
네토,1
리버뷰카페,1
풍동빵맛집,1
브루앤브레드,1
문산,1
메간폭수수,1
간,1
폭,1
수수,1
이너프투,1
이천데이트,1
매운탕,1
매운탕빵,1
제이사이트,1
사이트,1
신선,1
35,1
발,1
발산역,1
민성,1
민성셰프베이커리,1
셰프,1
고양본점,1
엘토브카페,1
블루,1
블루리본,1
리본,1
행신,1
행신동베이커리카페,1
나로,1
나로서의,1
서의,1
종용,1
누룽지통닭,1
통닭,1
수원모범,1
스타필드안성,1
양동카페,1
쉐프부랑,1
부랑,1
누벨베이커리,1
에이,1
에이바우트,1
우트,1
스타디움,1
데이트맛집,1
겐,1
일산빵지순례,1
앙버터빵,1
발효빵,1
비어치킨,1
모커피하우스,1
아이엠브레드,1
엠,1
대한제과명장,1
미사역점,1
야당,1
행궁점,1
플랑,1
플랑드르,1
답례,1
답례품,1
품,1
직장인,1
꽁스,1
꽁스카페,1
분당점,1
림림,1
명동,1
명동칼국수,1
퇴촌점,1
수원베이커,1
광명역,1
명역,1
토모,1
처빵,1
몽뻬르베이커리카페,1
소프,1
생크림호두단팥빵,1
632,1
632베이커리,1
고흥,1
강남,1
메밀국수,1
택배디저트맛집,1
분당카페,1
천연효소,1
효소,1
로프베이커리앤커피,1
850,1
850평,1
콰트,1
박스,1
힙하다,1
하다,1
제과명장,1
모,1
분당대형카페,1
울산,1
중구,1
진도,1
진도군,1
도자기빵,1
대란,1
크닉,1
포인트,1
오가닉,1
닉,1
송정,1
곤드레,1
구래동베이커리카페,1
아람,1
카페두지,1
두지,1
남양주시,1
쁘,1
쁘왈란,1
왈란,1
득템했어,1
역부,1
역부근,1
근,1
풍차제과점,1
빵지순례각,1
각,1
식빵맛집,1
퍼센트,1
퍼센트커피,1
경기부천역점,1
태전빵맛집,1
테라스카페,1
도평리,1
한스버거,1
한스마라,1
만난,1
딸기바나나주스,1
바나나,1
주스,1
부제,1
밤빵,1
진정,1
하성,1
하성본점ㅣ테라스,1
카페ㅣ소금빵,1
맛집ㅣ,1
이국,1
각종,1
해산물,1
크림모찌,1
모찌,1
방동,1
전점,1
플래닛,1
플래닛14,1
14,1
야탑카페,1
잡곡,1
잡곡베이글,1
일산설문동맛집,1
설문베이커리,1
고급,1
고급재료,1
마포,1
마포구,1
튀김,1
강서,1
강서구,1
이담,1
이담제과,1
불고기,1
불고기짬뽕,1
15,1
곽,1
곽지원빵공방,1
지원,1
공방,1
남포,1
남포동,1
아치,1
아치베이커리,1
힐링카페,1
경기광,1
글루텐,1
글루텐프리,1
프리,1
송내역점,1
땅콩빵,1
베이킹고스트,1
고스트,1
광명사거리,1
사거리,1
웨얼위,1
리버레인,1
레인,1
화서,1
화서문,1
리디저트,1
성균관,1
성균관대역,1
전문점,1
2공단,1
공,1
단,1
테마,1
공단,1
공단빵,1
반수,1
공,1
공릉,1
릉,1
공간,1
리베,1
베,1
산본,1
산본동,1
산본동카페,1
금정역카페,1
이상복,1
매탄본점,1
안양종합운동장카페,1
종합,1
운동장,1
산마을,1
미사역,1
사역,1
카페엘림,1
엘림,1
서천,1
서천점,1
몽뻬르베이커리,1
호원,1
호원동,1
가루,1
헤비,1
치즈폭탄피자,1
폭탄,1
양평맛집,1
프레임,1
야자수,1
야자수카페,1
다산역점,1
리조,1
조,1
롤,1
롤샌드위치,1
경주빵맛집,1
방영,1
방영맛집,1
황남본점,1
광명7동,1
7,1
열,1
열시오븐,1
시,1
강화,1
강화도,1
독일빵집,1
당일,1
여행코스,1
이너푸트,1
푸트,1
소스,1
미앤미,1
케익카페,1
주운,1
샹배베이커리,1
감자전,1
녹두,1
녹두전,1
무지개,1
오포빵집,1
순수,1
도우가,1
우가,1
봉수,1
포레스트,1
허브아일랜드,1
아일랜드,1
장지동,1
오봉,1
오봉베르,1
구래동카페,1
짭졸,1
등갈비,1
등갈비구이,1
구이,1
여수,1
여수시,1
명인빵지순례,1
경기죽전월드백화점,1
월드,1
오장,1
영화,1
말레피센트,1
센트,1
밀종,1
주엽,1
주엽동,1
르봉빵,1
베스트빵,1
양산,1
통도,1
경기식당,1
팔당댐,1
도미,1
도미나루터,1
나루터,1
검단산,1
중대동카페,1
피유,1
떡맛집,1
천연발효종,1
32,1
32년,1
정신,1
빵명인,1
원흥역,1
흥역,1
플란드,1
원흥점,1
쇼트,1
쇼트브레드,1
민락,1
2지구,1
지구,1
계점,1
반리,1
감자,1
감자빵,1
카페,1
빵,1
김포빵카페,1
김포맛,1
김포디저트맛,1
버터크림라떼,1
라떼,1
신세계죽전카페,1
선부,1
선부동,1
부동,1
삼죽,1
삼죽특수가스,1
특수,1
특수가스,1
로그,1
롯데백화점맛집,1
중앙광장,1
광장,1
브레드마스터,1
마스터,1
고담,1
고담소방,1
소방,1
6대성지,1
와상,1
더하기,1
일산덕이동카페,1
소금빵맛,1
냄새,1
안제리,1
상동빵집,1
모두,1
시크,1
시크릿,1
릿,1
기록,1
서대문,1
서대문구,1
가래떡,1
쇼쿠지,1
파주프로방스베이커리,1
모도리베이커리,1
양주브런,1
2022.04,1
02,1
바속촉의,1
촉의,1
남양주빵집,1
신도시카페,1
제대,1
안산빵맛집,1
장지,1
장지동,1
정지,1
정지후,1
장정숙,1
정숙,1
모자,1
중국집,1
요트,1
요트선착장,1
선착장,1
광교갤러리,1
갤러리,1
팝업,1
르페르베이커리,1
페르,1
삐에스몽테제빵소,1
테제,1
김포구래동,1
최애마늘빵,1
대박,1
대박맛집,1
파트,1
파트너스,1
너스,1
유우승단팥빵,1
우승,1
포비,1
포비엣,1
엣,1
롯데몰,1
1층카페,1
층카페,1
경기도인은,1
인은,1
점심,1
점심약속,1
약속,1
김말,1
행궁동카페,1
버터부티,1
부티,1
베이커리,1
성,1
빵수니,1
수니,1
행복,1
등장,1
얼굴,1
부천시청역,1
청역,1
골목길,1
부천최고,1
연유바게트,1
경치,1
산정,1
산정호수,1
석동,1
석동카페,1
카페드명베이커리,1
드명,1
남수,1
남수동,1
남수동452,1
452,1
핑크,1
핑크카페,1
남이섬주변,1
주변,1
가평카페추천,1
진심,1
현역,1
포숑,1
스피드,1
말쭈맛집,1
쭈맛,1
담제,1
이천베이커리카페,1
서울근교맛집,1
알,1
하오,1
물머리,1
일리,1
콩,1
콩브레,1
브레,1
감성카페,1
이천베이커리,1
이진,1
이진상회,1
상회,1
물왕,1
물왕동,1
물왕저수지,1
유오디,1
오디,1
화정,1
화정소금빵맛,1
최고야,1
대전투어,1
성심,1
구갈,1
구갈브레드랩,1
쿠키맛집,1
매탄,1
매탄동,1
띠,1
감자빵,1
잔동,1
중앙역,1
앙역,1
베이크,1
더티,1
더티트렁크,1
트렁크,1
청계,1
청계동,1
대부,1
가지,1
포도빵,1
오크,1
오크힐커피,1
힐,1
신대,1
신대방역,1
방역,1
이상적인,1
적인,1
오늘빵,1
오남,1
비건,1
쌀로,1
외계인,1
방앗간,1
송도,1
구구가가,1
가가,1
에스프레소바,1
금정역,1
금곡,1
키스톤스피시,1
스톤스,1
피시,1
라르고,1
블랑제리115,1
장기점,1
기점,1
수내역,1
내역,1
스타감성,1
먹는팁,1
는팁,1
양주카페,1
요즘,1
양주빵맛집,1
윤쉐프,1
구리,1
구리시,1
구로,1
구로구,1
냉동,1
오겹살,1
겹살,1
3대,1
프레첼,1
첼,1
시흥나들이,1
리뷰,1
모어,1
모어그린,1
그린,1
호수뷰,1
돌,1
이학,1
가성비갑,1
비갑,1
문호,1
얌얌식빵,1
기산,1
기산저수지뷰,1
계의,1
필수품,1
유재학,1
재학,1
풍차과자점,1
40종,1
빵소덤,1
의정부베이커리카페,1
2신도시,1
배달가능,1
라자,1
폴렌빵집,1
멜론,1
멜론소금빵,1
맛집기행,1
태양,1
의정,1
의정부역,1
부역,1
콩가루,1
바뉴,1
서민,1
서민갑부,1
갑부,1
백석,1
백석동,1
스블랑,1
조남,1
조남동,1
지하,1
난곡,1
난곡빵집,1
크로플,1
컬,1
굿,1
스카이,1
스카이블랑,1
미사리,1
패밀리,1
패밀리레스토랑,1
킴스,1
킴스베이커리,1
행궁동맛집,1
군산맛집,