강남구,개포동,YH빌리지,-세대수
16세대
동수
총 1동
사용승인일
2017.09.08
면적
33.02㎡ ~ 36.32㎡, 11
강남구,개포동,개포래미안포레스트,18억~46억세대수
2296세대
동수
총 31동
사용승인일
2020.09.28
면적
74.31㎡ ~ 174.19㎡, 2
강남구,개포동,개포비버리하임(도시형),-세대수
29세대
동수
총 2동
사용승인일
2018.11.12
면적
28.54㎡ ~ 66.23㎡, 5
강남구,개포동,개포상지리츠빌,40억세대수
18세대
동수
총 1동
사용승인일
2003.03.28
면적
178.74㎡ ~ 240.58㎡, 4
강남구,개포동,개포자이,28억~35억세대수
212세대
동수
총 4동
사용승인일
2004.06.17
면적
160.71㎡ ~ 204.52㎡, 1
강남구,개포동,개포자이르네,-세대수
28세대
동수
총 1동
사용승인일
2022.09
면적
71.89㎡ ~ 158.9㎡, 5
강남구,개포동,개포주공5단지,23억 8000~28억 5000세대수
940세대
동수
총 6동
사용승인일
1983.10.26
면적
75.33㎡ ~ 116.04㎡, 3
강남구,개포동,개포주공6단지,23억~29억세대수
1060세대
동수
총 9동
사용승인일
1983.10.26
면적
68.43㎡ ~ 107.31㎡, 2
강남구,개포동,개포주공7단지,23억~29억세대수
900세대
동수
총 8동
사용승인일
1983.10.26
면적
73.43㎡ ~ 114.72㎡, 2
강남구,개포동,개포프레지던스자이,22억 5000~33억세대수
3375세대
동수
총 35동
사용승인일
2023.02
면적
59.86㎡ ~ 243.78㎡,정보 없음
강남구,개포동,개포현대(200동),-세대수
72세대
동수
총 1동
사용승인일
1986.07.24
면적
101.55㎡, 1
강남구,개포동,개포현대2차(220동),-세대수
54세대
동수
총 1동
사용승인일
1988.09.02
면적
98.54㎡, 1
강남구,개포동,개포현대5차,-세대수
18세대
동수
총 1동
사용승인일
1994.02.22
면적
148.38㎡, 4
강남구,개포동,개포현대6차,-세대수
19세대
동수
총 1동
사용승인일
1993.12.17
면적
116.85㎡ ~ 154.77㎡, 10
강남구,개포동,경남,29억~42억세대수
678세대
동수
총 9동
사용승인일
1984.03.08
면적
97.92㎡ ~ 198.33㎡, 4
강남구,개포동,그루(주상복합),-세대수
20세대
동수
총 1동
사용승인일
2019.08.01
면적
16.12㎡ ~ 39.97㎡, 13
강남구,개포동,뉴현대파크빌,-세대수
10세대
동수
총 1동
사용승인일
2001.05.16
면적
79.61㎡ ~ 96.08㎡, 3
강남구,개포동,대청,15억 5000~20억세대수
822세대
동수
총 6동
사용승인일
1992.10.14
면적
56.5㎡ ~ 81.67㎡, 2
강남구,개포동,대치2단지,11억 7000~17억세대수
1758세대
동수
총 11동
사용승인일
1992.10.14
면적
46.73㎡ ~ 67.75㎡, 6
강남구,개포동,더샵그린,-세대수
19세대
동수
총 1동
사용승인일
1996.09.23
면적
214.21㎡ ~ 258.84㎡, 5
강남구,개포동,더샵트리에,30억~38억세대수
232세대
동수
총 2동
사용승인일
2021.12
면적
132.23㎡ ~ 135.57㎡, 2
강남구,개포동,디에이치아너힐즈,19억~53억세대수
1320세대
동수
총 23동
사용승인일
2019.08.29
면적
67.54㎡ ~ 202.81㎡, 13
강남구,개포동,디에이치퍼스티어아이파크,21억~70억세대수
6702세대
동수
총 74동
사용승인일
2024.01
면적
50.73㎡ ~ 230.69㎡,정보 없음
강남구,개포동,래미안블레스티지,18억~50억세대수
1957세대
동수
총 23동
사용승인일
2019.02.26
면적
67.77㎡ ~ 249.51㎡, 11
강남구,개포동,런던빌개포,-세대수
15세대
동수
총 1동
사용승인일
2021.11.23
면적
28.6㎡ ~ 40.61㎡, 9
강남구,개포동,렉스힐(주상복합),-세대수
8세대
동수
총 1동
사용승인일
2011.11.16
면적
55.19㎡, 9
강남구,개포동,리더스,-세대수
10세대
동수
총 1동
사용승인일
2002.12.26
면적
92.57㎡ ~ 94.36㎡, 5
강남구,개포동,새롬,-세대수
41세대
동수
총 3동
사용승인일
2000.07.01
면적
48.87㎡ ~ 82.85㎡, 5
강남구,개포동,쌍용개포(주상복합),-세대수
16세대
동수
총 1동
사용승인일
1995.03.31
면적
162.94㎡, 1
강남구,개포동,에버그린(주상복합),-세대수
9세대
동수
총 1동
사용승인일
2003.03.12
면적
74.08㎡ ~ 106.04㎡, 6
강남구,개포동,우성3차,28억 5000~41억세대수
405세대
동수
총 5동
사용승인일
1984.12.31
면적
110.6㎡ ~ 182.45㎡, 4
강남구,개포동,우성6차,21억~26억 5000세대수
270세대
동수
총 8동
사용승인일
1987.11.21
면적
61.32㎡ ~ 86.52㎡, 3
강남구,개포동,우성8차,24억~26억세대수
261세대
동수
총 3동
사용승인일
1987.09.21
면적
98.87㎡ ~ 109.35㎡, 7
강남구,개포동,우찬현대(101),-세대수
15세대
동수
총 1동
사용승인일
2006.06.26
면적
65.21㎡ ~ 156.31㎡, 6
강남구,개포동,우찬현대(102),-세대수
10세대
동수
총 1동
사용승인일
2006.06.26
면적
71.89㎡ ~ 152.26㎡, 6
강남구,개포동,우찬현대(103),-세대수
10세대
동수
총 1동
사용승인일
2006.06.26
면적
71.89㎡ ~ 152.26㎡, 6
강남구,개포동,포이벨리,-세대수
10세대
동수
총 1동
사용승인일
2001.12.31
면적
98.3㎡, 4
강남구,개포동,한림,-세대수
12세대
동수
총 1동
사용승인일
2002.03.11
면적
82.57㎡, 4
강남구,개포동,현대1차,28억~38억세대수
416세대
동수
총 6동
사용승인일
1984.04.20
면적
102.73㎡ ~ 193.8㎡, 6
강남구,개포동,현대2차,28억~41억세대수
558세대
동수
총 13동
사용승인일
1986.01.31
면적
105.78㎡ ~ 195.17㎡, 1
강남구,개포동,현대3차,30억~42억세대수
198세대
동수
총 5동
사용승인일
1986.03.31
면적
105.86㎡ ~ 198.26㎡, 6
강남구,개포동,현대빌라트,-세대수
14세대
동수
총 1동
사용승인일
1997.12.24
면적
174.05㎡ ~ 194.46㎡, 3
강남구,논현동,N168(도시형),-세대수
132세대
동수
총 1동
사용승인일
2021.03.05
면적
26.32㎡ ~ 43.09㎡, 10
강남구,논현동,강남파라곤(주상복합),17억 5000~22억세대수
58세대
동수
총 1동
사용승인일
2007.01.30
면적
100.88㎡ ~ 203.87㎡, 8
강남구,논현동,거평프리젠,4억 5000~9억 8000세대수
113세대
동수
총 1동
사용승인일
1996.09.03
면적
41.83㎡ ~ 82.93㎡, 4
강남구,논현동,경남논현,13억 5000~15억세대수
60세대
동수
총 1동
사용승인일
1996.09.09
면적
79.97㎡ ~ 153.41㎡, 2
강남구,논현동,골든캐슬,-세대수
7세대
동수
총 1동
사용승인일
2009.08.24
면적
131.35㎡ ~ 154.9㎡, 10
강남구,논현동,그랑디오스,26억세대수
15세대
동수
총 1동
사용승인일
2004.09.17
면적
100.59㎡ ~ 163.69㎡, 5
강남구,논현동,기린힐스(도시형),-세대수
249세대
동수
총 1동
사용승인일
2020.10.30
면적
26.2㎡ ~ 33.34㎡, 11
강남구,논현동,꿈꾸지오(도시형),-세대수
28세대
동수
총 2동
사용승인일
2019.03.06
면적
26.28㎡ ~ 38.37㎡, 3
강남구,논현동,논현e-편한세상,14억 8000~23억세대수
63세대
동수
총 1동
사용승인일
2005.07.20
면적
109.11㎡ ~ 166.4㎡, 5
강남구,논현동,논현대우멤버스카운티,-세대수
19세대
동수
총 1동
사용승인일
2004.12.01
면적
150.45㎡ ~ 153.85㎡, 13
강남구,논현동,논현더라움,-세대수
16세대
동수
총 1동
사용승인일
2019.03.20
면적
31.77㎡ ~ 34.34㎡, 7
강남구,논현동,논현동부센트레빌,19억~27억세대수
160세대
동수
총 4동
사용승인일
2003.12.24
면적
106.82㎡ ~ 136.29㎡, 3
강남구,논현동,논현동양파라곤,41억~45억세대수
203세대
동수
총 4동
사용승인일
2004.06.02
면적
173.4㎡ ~ 301.42㎡, 5
강남구,논현동,논현두산위브1단지,20억세대수
130세대
동수
총 2동
사용승인일
2004.06.30
면적
107.71㎡ ~ 140.87㎡, 3
강남구,논현동,논현두산위브2단지,20억세대수
136세대
동수
총 2동
사용승인일
2004.06.30
면적
87.65㎡ ~ 135.37㎡, 3
강남구,논현동,논현라폴리움,48억~55억세대수
18세대
동수
총 1동
사용승인일
2012.08.31
면적
491.26㎡ ~ 540.18㎡, 4
강남구,논현동,논현멤버스카운티,-세대수
11세대
동수
총 1동
사용승인일
2003.10.17
면적
120.27㎡ ~ 124.88㎡, 13
강남구,논현동,논현베르빌,-세대수
65세대
동수
총 1동
사용승인일
2002.12.27
면적
130.84㎡ ~ 227.23㎡, 11
강남구,논현동,논현브라운스톤로얄스위트,-세대수
19세대
동수
총 1동
사용승인일
2005.03.22
면적
249.11㎡ ~ 266.39㎡, 11
강남구,논현동,논현빌라트,-세대수
10세대
동수
총 1동
사용승인일
1999.08.17
면적
54.22㎡ ~ 77.98㎡, 8
강남구,논현동,논현신동아파밀리에,9억 4000~23억세대수
644세대
동수
총 6동
사용승인일
1997.07.04
면적
52.92㎡ ~ 140.5㎡, 14
강남구,논현동,논현아이파크(주상복합),15억~24억세대수
99세대
동수
총 1동
사용승인일
2020.08
면적
69㎡ ~ 123.76㎡, 5
강남구,논현동,논현아테나니케,18억세대수
12세대
동수
총 1동
사용승인일
2004.11.26
면적
127.92㎡ ~ 128.73㎡, 13
강남구,논현동,논현아트빌,9억 2000~10억 5000세대수
11세대
동수
총 1동
사용승인일
2003.05.01
면적
80.87㎡ ~ 126.42㎡, 12
강남구,논현동,논현아펠바움1차,-세대수
38세대
동수
총 4동
사용승인일
2007.12.14
면적
277.91㎡ ~ 311.2㎡, 7
강남구,논현동,논현아펠바움2차,45억~50억세대수
38세대
동수
총 3동
사용승인일
2011.09.01
면적
281.22㎡ ~ 317.73㎡, 6
강남구,논현동,논현월드메르디앙,-세대수
82세대
동수
총 1동
사용승인일
2007.02.22
면적
94.26㎡ ~ 144.5㎡, 10
강남구,논현동,논현웰스톤(주상복합),14억 5000~15억세대수
38세대
동수
총 1동
사용승인일
2009.03.16
면적
93.53㎡ ~ 126.87㎡, 12
강남구,논현동,논현인텔리전트하우스,-세대수
19세대
동수
총 1동
사용승인일
1996.10.24
면적
26.87㎡ ~ 130.2㎡, 11
강남구,논현동,논현테크노빌,-세대수
10세대
동수
총 2동
사용승인일
2003.07.04
면적
117.86㎡ ~ 203.67㎡, 3
강남구,논현동,논현파크빌(도시형),1억 7500세대수
27세대
동수
총 1동
사용승인일
2013.04.19
면적
21.43㎡ ~ 27.93㎡, 7
강남구,논현동,논현팰리스(민간임대,도시형),-세대수
39세대
동수
총 2동
사용승인일
2019.06.03
면적
28.5㎡ ~ 48.85㎡, 4
강남구,논현동,논현펜트힐캐스케이드(도시형),-세대수
130세대
동수
총 1동
사용승인일
2023.02
면적
63.54㎡ ~ 71.08㎡, 15
강남구,논현동,논현프라임(192-3),19억 8000세대수
19세대
동수
총 1동
사용승인일
2004.10.06
면적
144.68㎡ ~ 150.14㎡, 9
강남구,논현동,논현한가람,25억세대수
32세대
동수
총 1동
사용승인일
2002.10.21
면적
102.67㎡ ~ 169.38㎡, 11
강남구,논현동,논현한진로즈힐,17억 1000~20억세대수
81세대
동수
총 2동
사용승인일
2004.05.27
면적
92.44㎡ ~ 132.97㎡, 13
강남구,논현동,논현한화꿈에그린,13억 5000~15억세대수
70세대
동수
총 2동
사용승인일
2005.05.03
면적
89.17㎡, 7
강남구,논현동,논현한화꿈에그린2차,14억~23억세대수
46세대
동수
총 1동
사용승인일
2006.11.30
면적
104.67㎡ ~ 147.31㎡, 7
강남구,논현동,논현힐스빌5차,-세대수
7세대
동수
총 1동
사용승인일
2003.08.05
면적
248.68㎡,정보 없음
강남구,논현동,논현힐스빌6차,34억세대수
4세대
동수
총 1동
사용승인일
2003.08.08
면적
228.44㎡ ~ 231.14㎡, 12
강남구,논현동,더그레이스,-세대수
9세대
동수
총 1동
사용승인일
2003.04.30
면적
106.35㎡ ~ 112.89㎡, 10
강남구,논현동,더원센트럴(주상복합),5억 2000세대수
29세대
동수
총 1동
사용승인일
2018.06.18
면적
34.3㎡ ~ 66.05㎡, 10
강남구,논현동,더케이(도시형),-세대수
16세대
동수
총 1동
사용승인일
2012.05.14
면적
20.49㎡ ~ 36.77㎡, 12
강남구,논현동,더클래식논현(도시형),-세대수
14세대
동수
총 2동
사용승인일
2017.02.06
면적
33.26㎡ ~ 100.23㎡, 12
강남구,논현동,동광팰리스(도시형),4억 7000~5억세대수
38세대
동수
총 2동
사용승인일
2016.05.10
면적
29.26㎡ ~ 45.5㎡, 11
강남구,논현동,동현,24억 5000~30억세대수
548세대
동수
총 6동
사용승인일
1986.10.20
면적
102.47㎡ ~ 175.38㎡, 13
강남구,논현동,동화(민간임대,도시형),-세대수
236세대
동수
총 1동
사용승인일
2012.08.17
면적
32.23㎡ ~ 72.28㎡, 6
강남구,논현동,두영,11억세대수
17세대
동수
총 1동
사용승인일
2004.06.28
면적
94.52㎡ ~ 97.81㎡, 12
강남구,논현동,라디안,-세대수
10세대
동수
총 1동
사용승인일
2004.03.24
면적
77.7㎡ ~ 129.86㎡, 15
강남구,논현동,라이헤스빌,-세대수
13세대
동수
총 1동
사용승인일
2002.11.19
면적
74.6㎡ ~ 118.81㎡, 13
강남구,논현동,로체샤르캐슬,14억 5000세대수
17세대
동수
총 1동
사용승인일
2009.03.27
면적
99.4㎡ ~ 125.69㎡, 11
강남구,논현동,루시아도산208(도시형),-세대수
55세대
동수
총 1동
사용승인일
2023.07
면적
57.63㎡ ~ 60.66㎡, 10
강남구,논현동,리더스빌,-세대수
19세대
동수
총 1동
사용승인일
2004.08.31
면적
81.25㎡ ~ 206.56㎡, 8
강남구,논현동,리츠하우스,73억세대수
12세대
동수
총 1동
사용승인일
2003.06.26
면적
300.31㎡ ~ 300.41㎡, 12
강남구,논현동,마블하우스,-세대수
12세대
동수
총 1동
사용승인일
2003.07.25
면적
153.02㎡ ~ 183.84㎡, 4
강남구,논현동,마일스디오빌(주상복합),3억 8000~4억 5000세대수
260세대
동수
총 1동
사용승인일
2004.11.26
면적
47.19㎡, 11
강남구,논현동,벨러스빌,-세대수
10세대
동수
총 1동
사용승인일
2004.07.29
면적
95.83㎡ ~ 178.31㎡, 11
강남구,논현동,보노체아(도시형),-세대수
22세대
동수
총 1동
사용승인일
2011.09.19
면적
17.86㎡ ~ 27.8㎡, 7
강남구,논현동,비쥬힐,11억 2000세대수
10세대
동수
총 1동
사용승인일
2003.10.23
면적
87.53㎡ ~ 141.26㎡, 13
강남구,논현동,삼성빌라트,-세대수
19세대
동수
총 1동
사용승인일
1998.10.22
면적
121.01㎡ ~ 172.68㎡, 19
강남구,논현동,세호시티라이프(주상복합),-세대수
19세대
동수
총 1동
사용승인일
1996.03.22
면적
55.96㎡ ~ 79.85㎡, 4
강남구,논현동,스위트캐슬,-세대수
16세대
동수
총 2동
사용승인일
2003.07
면적
270.21㎡ ~ 270.62㎡, 16
강남구,논현동,스위트케슬레지던스,-세대수
17세대
동수
총 1동
사용승인일
2004.12.23
면적
122.16㎡ ~ 241.39㎡, 11
강남구,논현동,신동아,-세대수
12세대
동수
총 2동
사용승인일
1996.12.27
면적
226.56㎡ ~ 262.29㎡, 9
강남구,논현동,쌍용,12억 5000~16억세대수
111세대
동수
총 1동
사용승인일
1996.07.24
면적
83.17㎡ ~ 117.82㎡, 11
강남구,논현동,아나하(도시형),22억 5000~24억세대수
16세대
동수
총 1동
사용승인일
2020.06.16
면적
36.48㎡ ~ 116.57㎡, 7
강남구,논현동,아츠논현(도시형),14억 9970~25억 3880세대수
24세대
동수
총 1동
사용승인일
2023.08
면적
49.6㎡ ~ 66.3㎡, 6
강남구,논현동,아크로힐스논현,24억 4000~33억세대수
368세대
동수
총 4동
사용승인일
2014.12.08
면적
109.73㎡ ~ 148.25㎡, 4
강남구,논현동,알파임하우스Ⅱ,60억세대수
16세대
동수
총 2동
사용승인일
2002.05.03
면적
257.91㎡, 11
강남구,논현동,애플타운(주상복합),-세대수
19세대
동수
총 1동
사용승인일
2002.10.18
면적
36.76㎡ ~ 247.91㎡, 16
강남구,논현동,예원베스트빌,-세대수
8세대
동수
총 1동
사용승인일
2002.05.13
면적
109.38㎡ ~ 126.08㎡, 8
강남구,논현동,요진보네르,-세대수
9세대
동수
총 1동
사용승인일
2003.06.23
면적
102.11㎡ ~ 186.88㎡, 12
강남구,논현동,우림빌(도시형),-세대수
19세대
동수
총 1동
사용승인일
2013.08.19
면적
16.36㎡ ~ 26.71㎡, 4
강남구,논현동,우림스타빌(도시형),-세대수
19세대
동수
총 1동
사용승인일
2016.04.14
면적
26.3㎡ ~ 52.75㎡, 2
강남구,논현동,우민,12억 5000~14억세대수
70세대
동수
총 1동
사용승인일
2002.08.12
면적
99.54㎡ ~ 105.8㎡, 11
강남구,논현동,우성,12억세대수
14세대
동수
총 1동
사용승인일
2004.07.21
면적
81.56㎡ ~ 122.78㎡, 3
강남구,논현동,월드노블레스빌,24억세대수
12세대
동수
총 1동
사용승인일
2001.10.23
면적
142.17㎡ ~ 195.72㎡, 12
강남구,논현동,월드쉐르빌,-세대수
15세대
동수
총 1동
사용승인일
2003.06.25
면적
49.8㎡ ~ 99.48㎡, 3
강남구,논현동,은탑리더스카운티,-세대수
18세대
동수
총 1동
사용승인일
2003.08.14
면적
77㎡ ~ 182.69㎡, 10
강남구,논현동,이산,7억 8000세대수
10세대
동수
총 1동
사용승인일
2011.04.29
면적
55.18㎡ ~ 76.95㎡, 8
강남구,논현동,이움,20억세대수
10세대
동수
총 1동
사용승인일
2005.09.27
면적
111.35㎡ ~ 142.98㎡, 9
강남구,논현동,제이빌,9억 5000~10억세대수
32세대
동수
총 1동
사용승인일
2004.04.27
면적
43.08㎡ ~ 113.06㎡, 12
강남구,논현동,지고하임,14억세대수
33세대
동수
총 2동
사용승인일
2003.10.29
면적
71.86㎡ ~ 91.74㎡, 11
강남구,논현동,청학,18억 5000~26억세대수
70세대
동수
총 3동
사용승인일
1976.12.30
면적
87.15㎡ ~ 99.65㎡, 16
강남구,논현동,케럿스테이트,-세대수
16세대
동수
총 1동
사용승인일
2004.04.14
면적
103.64㎡ ~ 193.94㎡, 4
강남구,논현동,케이씨빌,16억세대수
12세대
동수
총 1동
사용승인일
2004.11.18
면적
111.5㎡ ~ 123.51㎡, 10
강남구,논현동,테크노빌라트,-세대수
18세대
동수
총 1동
사용승인일
2002.06.28
면적
57.57㎡ ~ 114.3㎡, 1
강남구,논현동,토미빌(228-9),18억 5000~25억세대수
24세대
동수
총 3동
사용승인일
2003.02.24
면적
155.16㎡ ~ 161.26㎡, 10
강남구,논현동,펜트힐루논현(도시형),10억 5000~17억세대수
131세대
동수
총 1동
사용승인일
2021.08.30
면적
61.41㎡ ~ 63.06㎡,정보 없음
강남구,논현동,프라임(196-4),-세대수
19세대
동수
총 1동
사용승인일
2006.09.29
면적
135.45㎡ ~ 270.9㎡, 5
강남구,논현동,프라임(80-13),-세대수
28세대
동수
총 1동
사용승인일
2004.06.09
면적
93.51㎡ ~ 124.68㎡, 20
강남구,논현동,학동참진,15억세대수
18세대
동수
총 1동
사용승인일
2005.06.28
면적
86.75㎡ ~ 125.41㎡, 10
강남구,논현동,한양빌라트,18억세대수
19세대
동수
총 1동
사용승인일
1998.11.23
면적
115.34㎡ ~ 179.68㎡, 20
강남구,논현동,한양수자인어반게이트(도시형),2억 1200~2억 5500세대수
108세대
동수
총 1동
사용승인일
2013.06.26
면적
23.42㎡ ~ 29.92㎡, 9
강남구,논현동,현대넥서스(261-7),-세대수
18세대
동수
총 1동
사용승인일
2000.10.05
면적
128.29㎡ ~ 254.09㎡, 5
강남구,논현동,현대넥서스(261-8),-세대수
16세대
동수
총 1동
사용승인일
1997.12.12
면적
161.35㎡ ~ 264.58㎡, 4
강남구,논현동,현대인텔렉스(주상복합),23억~90억세대수
42세대
동수
총 1동
사용승인일
1997.04.15
면적
168.76㎡ ~ 254.22㎡, 6
강남구,논현동,휴먼스페이스(주상복합),-세대수
18세대
동수
총 1동
사용승인일
2003.06.02
면적
48.95㎡ ~ 49.49㎡, 11
강남구,논현동,힐스빌7차,-세대수
9세대
동수
총 1동
사용승인일
2003.03.10
면적
138.67㎡ ~ 171.75㎡, 12
강남구,논현동,힐타워,-세대수
16세대
동수
총 1동
사용승인일
2001.06.28
면적
93.47㎡ ~ 187.15㎡, 10
강남구,논현동,힐튼빌(도시형),-세대수
14세대
동수
총 1동
사용승인일
2013.03.14
면적
35.03㎡ ~ 104.27㎡, 2
강남구,대치동,S-타워(주상복합),-세대수
19세대
동수
총 1동
사용승인일
1996.07.15
면적
246.25㎡, 1
강남구,대치동,개포우성1차,32억~51억세대수
690세대
동수
총 9동
사용승인일
1983.12.17
면적
102.48㎡ ~ 214.88㎡, 1
강남구,대치동,개포우성2차,31억~50억세대수
450세대
동수
총 5동
사용승인일
1984.12.15
면적
101.09㎡ ~ 180.54㎡, 6
강남구,대치동,노빌리티빌리지,-세대수
14세대
동수
총 1동
사용승인일
1999.12.31
면적
125.06㎡ ~ 196.98㎡, 15
강남구,대치동,대치SK뷰,33억~35억세대수
239세대
동수
총 4동
사용승인일
2017.06.20
면적
80.38㎡ ~ 166.84㎡, 10
강남구,대치동,대치대우아이빌멤버스4차(주상복합),3억 8000~5억 4000세대수
134세대
동수
총 1동
사용승인일
2003.12.04
면적
31.9㎡ ~ 68.74㎡, 9
강남구,대치동,대치대우아이빌명문가(주상복합),3억 1000~3억 4500세대수
210세대
동수
총 1동
사용승인일
2004.02.23
면적
41.88㎡ ~ 66.93㎡, 10
강남구,대치동,대치더블유타워(도시형),-세대수
149세대
동수
총 1동
사용승인일
2013.11.14
면적
33.22㎡ ~ 52.72㎡, 4
강남구,대치동,대치롯데캐슬리베,37억~40억세대수
144세대
동수
총 2동
사용승인일
2008.02.22
면적
146.32㎡, 5
강남구,대치동,대치삼성1차,20억~33억세대수
960세대
동수
총 14동
사용승인일
2000.07.31
면적
85.68㎡ ~ 139.27㎡, 11
강남구,대치동,대치삼성2차,-세대수
19세대
동수
총 1동
사용승인일
1999.10.25
면적
188.75㎡, 16
강남구,대치동,대치삼성3차,30억~35억세대수
35세대
동수
총 2동
사용승인일
2000.02.29
면적
99.97㎡ ~ 240.86㎡, 14
강남구,대치동,대치상지리츠빌카일룸,-세대수
15세대
동수
총 1동
사용승인일
2011.09.09
면적
225.33㎡ ~ 268.23㎡, 9
강남구,대치동,대치쌍용1차,28억~35억세대수
630세대
동수
총 5동
사용승인일
1983.03.07
면적
102.36㎡ ~ 173.48㎡, 14
강남구,대치동,대치쌍용2차,26억 5000~37억세대수
364세대
동수
총 4동
사용승인일
1983.11.30
면적
102.47㎡ ~ 141.71㎡, 13
강남구,대치동,대치아이파크,22억~50억세대수
768세대
동수
총 11동
사용승인일
2008.06.03
면적
78.71㎡ ~ 179.41㎡, 2
강남구,대치동,대치우성1차,26억 7000~33억세대수
476세대
동수
총 6동
사용승인일
1984.01.27
면적
102.01㎡ ~ 133.98㎡, 9
강남구,대치동,대치우정에쉐르1(주상복합),9억 9000~12억세대수
80세대
동수
총 1동
사용승인일
2004.04.30
면적
67.95㎡ ~ 91.28㎡, 9
강남구,대치동,대치우정에쉐르2(주상복합),12억 8000~13억세대수
18세대
동수
총 1동
사용승인일
2004.05.20
면적
72.18㎡ ~ 82.58㎡, 9
강남구,대치동,대치주성,25억세대수
14세대
동수
총 1동
사용승인일
2004.10.27
면적
73.97㎡ ~ 136.31㎡, 7
강남구,대치동,대치타워,9억 5000~11억 5000세대수
10세대
동수
총 1동
사용승인일
2003.04.03
면적
77.28㎡ ~ 105㎡, 6
강남구,대치동,대치푸르지오써밋,-세대수
489세대
동수
총 9동
사용승인일
2023.05
면적
70.24㎡ ~ 198.93㎡, 4
강남구,대치동,대치풍림아이원1차,21억세대수
57세대
동수
총 3동
사용승인일
2003.08.28
면적
91.49㎡ ~ 167.94㎡, 5
강남구,대치동,대치풍림아이원2차,25억세대수
33세대
동수
총 2동
사용승인일
2003.10.28
면적
106.37㎡ ~ 170.3㎡, 4
강남구,대치동,대치풍림아이원3차,25억~25억 5000세대수
42세대
동수
총 1동
사용승인일
2004.07.01
면적
134.72㎡ ~ 139.43㎡, 6
강남구,대치동,대치풍림아이원4차,24억~25억세대수
33세대
동수
총 1동
사용승인일
2004.06.30
면적
134.54㎡ ~ 139.23㎡, 7
강남구,대치동,대치하나빌,28억세대수
12세대
동수
총 1동
사용승인일
2003.10.25
면적
163.48㎡ ~ 225.69㎡, 14
강남구,대치동,대치한신휴플러스,19억 5000세대수
66세대
동수
총 1동
사용승인일
2005.04.26
면적
85.9㎡ ~ 105.97㎡, 6
강남구,대치동,대치현대,18억 5000~29억세대수
630세대
동수
총 8동
사용승인일
1999.06.14
면적
88.68㎡ ~ 143.66㎡, 7
강남구,대치동,대치효성,22억세대수
83세대
동수
총 1동
사용승인일
1999.08.30
면적
78.99㎡ ~ 112.12㎡, 10
강남구,대치동,더힐하우스(도시형),-세대수
44세대
동수
총 4동
사용승인일
2016.06.16
면적
36.26㎡ ~ 70.89㎡, 2
강남구,대치동,도성,-세대수
10세대
동수
총 1동
사용승인일
2004.04.09
면적
91.79㎡ ~ 131.56㎡, 6
강남구,대치동,동민맥스빌(A동,주상복합),-세대수
30세대
동수
총 1동
사용승인일
2004.12.27
면적
107.48㎡ ~ 109.26㎡, 2
강남구,대치동,동민맥스빌(B동),-세대수
18세대
동수
총 1동
사용승인일
2004.12.24
면적
75.44㎡ ~ 156.79㎡, 3
강남구,대치동,동부센트레빌,50억 5000~54억세대수
805세대
동수
총 7동
사용승인일
2005.01.28
면적
152.54㎡ ~ 202.99㎡, 2
강남구,대치동,동양,-세대수
19세대
동수
총 1동
사용승인일
1999.01.11
면적
110.57㎡ ~ 186.81㎡, 2
강남구,대치동,래미안대치팰리스1단지,34억~51억세대수
1278세대
동수
총 13동
사용승인일
2015.09.22
면적
88㎡ ~ 150.66㎡, 7
강남구,대치동,래미안대치팰리스2단지,33억 5000~58억세대수
330세대
동수
총 4동
사용승인일
2015.09.22
면적
118.76㎡ ~ 183.59㎡, 8
강남구,대치동,래미안대치하이스턴,30억세대수
354세대
동수
총 5동
사용승인일
2014.02.27
면적
142.54㎡ ~ 142.62㎡, 4
강남구,대치동,로프트아파트먼트대치(도시형),11억 5000세대수
16세대
동수
총 1동
사용승인일
2019.08.07
면적
43.29㎡ ~ 56.53㎡, 6
강남구,대치동,롯데캐슬,-세대수
142세대
동수
총 3동
사용승인일
2002.08.29
면적
110.72㎡ ~ 176.16㎡, 11
강남구,대치동,르엘대치,23억~23억 5000세대수
273세대
동수
총 6동
사용승인일
2021.09
면적
75.59㎡ ~ 158.56㎡,정보 없음
강남구,대치동,메트로,-세대수
11세대
동수
총 1동
사용승인일
2002.09.12
면적
81.71㎡ ~ 113.12㎡, 7
강남구,대치동,미소시티,-세대수
18세대
동수
총 1동
사용승인일
2006.07.05
면적
164.77㎡ ~ 200.9㎡, 7
강남구,대치동,삼환SOGOOD(주상복합),22억세대수
37세대
동수
총 1동
사용승인일
2006.11.07
면적
107.38㎡ ~ 133.52㎡, 4
강남구,대치동,선경1,2차,30억~50억세대수
1034세대
동수
총 12동
사용승인일
1983.12.12
면적
101.66㎡ ~ 186.36㎡, 1
강남구,대치동,선경3차,-세대수
54세대
동수
총 1동
사용승인일
1990.10.15
면적
85.48㎡, 7
강남구,대치동,선릉역대우아이빌5차(주상복합),1억 8000~2억 8000세대수
150세대
동수
총 1동
사용승인일
2004.04.28
면적
27.45㎡ ~ 58.95㎡, 10
강남구,대치동,선릉역풍림아이원레몬(주상복합),17억세대수
44세대
동수
총 1동
사용승인일
2006.06.23
면적
84.27㎡ ~ 92.62㎡, 9
강남구,대치동,세연파크뷰,-세대수
19세대
동수
총 1동
사용승인일
2002.07.02
면적
75.46㎡ ~ 94.53㎡, 6
강남구,대치동,세영팔래스,-세대수
67세대
동수
총 1동
사용승인일
2002.01.22
면적
73.77㎡ ~ 103.37㎡, 6
강남구,대치동,스톤빌리지대치2차(도시형),-세대수
25세대
동수
총 2동
사용승인일
2018.05.15
면적
38.99㎡ ~ 69.77㎡, 2
강남구,대치동,스톤빌리지대치3차(도시형),-세대수
22세대
동수
총 2동
사용승인일
2018.04.16
면적
35.47㎡ ~ 62.45㎡, 3
강남구,대치동,스톤빌리지대치4차(도시형),-세대수
20세대
동수
총 2동
사용승인일
2019.09.26
면적
39.1㎡ ~ 71.47㎡, 1
강남구,대치동,아름빌,3억~11억 5000세대수
43세대
동수
총 1동
사용승인일
2003.06.30
면적
45.97㎡ ~ 105.58㎡, 9
강남구,대치동,아크로빌,18억세대수
14세대
동수
총 2동
사용승인일
2005.10.25
면적
61.53㎡ ~ 112.33㎡, 17
강남구,대치동,우정에쉐르3,-세대수
19세대
동수
총 1동
사용승인일
2004.06.02
면적
103.62㎡ ~ 154.02㎡, 9
강남구,대치동,월드빌,-세대수
11세대
동수
총 1동
사용승인일
2004.02.06
면적
59㎡ ~ 122.32㎡, 9
강남구,대치동,은마,24억~28억 5000세대수
4424세대
동수
총 28동
사용승인일
1979.08.30
면적
101.52㎡ ~ 115.54㎡, 3
강남구,대치동,청암빌라트,-세대수
18세대
동수
총 1동
사용승인일
1991.11.29
면적
144.05㎡ ~ 179.57㎡, 8
강남구,대치동,청원,-세대수
19세대
동수
총 1동
사용승인일
2005.02.22
면적
58.32㎡ ~ 130.41㎡, 1
강남구,대치동,테헤란로대우아이빌(주상복합),3억 4000~9억세대수
371세대
동수
총 1동
사용승인일
2004.04.29
면적
38.72㎡ ~ 89.17㎡, 12
강남구,대치동,포스코더샵,33억~40억세대수
276세대
동수
총 4동
사용승인일
2004.09.30
면적
168.38㎡ ~ 208.98㎡, 9
강남구,대치동,하이캐슬,22억~23억세대수
67세대
동수
총 2동
사용승인일
2005.01.28
면적
104.13㎡ ~ 191.61㎡, 7
강남구,대치동,한보미도맨션1,2차,30억~49억세대수
2436세대
동수
총 21동
사용승인일
1983.11.28
면적
113.31㎡ ~ 220.92㎡, 2
강남구,대치동,한보미도맨션3차,39억 5000세대수
18세대
동수
총 1동
사용승인일
1990.11.13
면적
220.11㎡, 9
강남구,대치동,한양팰리스,-세대수
14세대
동수
총 1동
사용승인일
2004.01.09
면적
111.2㎡ ~ 120.97㎡, 7
강남구,대치동,한티,-세대수
22세대
동수
총 2동
사용승인일
2004.07.30
면적
78.6㎡ ~ 127.58㎡, 3
강남구,대치동,현대,21억세대수
120세대
동수
총 1동
사용승인일
1990.04.19
면적
101.03㎡ ~ 101.7㎡, 9
강남구,대치동,현대썬앤빌테헤란(도시형),5억 6000~7억 1000세대수
49세대
동수
총 1동
사용승인일
2016.10.20
면적
54.56㎡ ~ 82.49㎡, 10
강남구,대치동,화인하이빌,29억세대수
18세대
동수
총 1동
사용승인일
2004.06.30
면적
61.24㎡ ~ 147.52㎡, 8
강남구,도곡동,개포럭키,35억세대수
128세대
동수
총 2동
사용승인일
1986.10.27
면적
102.41㎡, 18
강남구,도곡동,개포우성4차,31억~40억세대수
459세대
동수
총 8동
사용승인일
1985.12.26
면적
113.23㎡ ~ 180.25㎡, 9
강남구,도곡동,개포우성5차,23억세대수
180세대
동수
총 4동
사용승인일
1986.10.27
면적
89.79㎡ ~ 98.96㎡, 14
강남구,도곡동,개포한신,22억 7000~30억세대수
620세대
동수
총 8동
사용승인일
1985.12.14
면적
73.65㎡ ~ 103.93㎡, 11
강남구,도곡동,경남,19억~27억세대수
348세대
동수
총 4동
사용승인일
2005.06.02
면적
76.47㎡ ~ 147.12㎡, 6
강남구,도곡동,그랜빌캐슬,22억세대수
15세대
동수
총 1동
사용승인일
2003.01.30
면적
105.32㎡ ~ 166.79㎡, 17
강남구,도곡동,극동스타클래스(주상복합),20억~30억세대수
96세대
동수
총 1동
사용승인일
2007.03.02
면적
141.4㎡ ~ 258.38㎡, 3
강남구,도곡동,대림,19억 5000~23억세대수
197세대
동수
총 2동
사용승인일
1992.11.19
면적
102.39㎡ ~ 104.47㎡, 3
강남구,도곡동,대림아크로빌(주상복합),28억~34억세대수
490세대
동수
총 2동
사용승인일
1999.11.26
면적
56.9㎡ ~ 230.18㎡, 12
강남구,도곡동,대명비발디,11억 5000~12억 8000세대수
18세대
동수
총 1동
사용승인일
2003.10.04
면적
46.53㎡ ~ 102.21㎡, 5
강남구,도곡동,대우양재디오빌(주상복합),2억 4500~3억 2000세대수
155세대
동수
총 1동
사용승인일
2004.04.23
면적
32.11㎡ ~ 43.76㎡, 5
강남구,도곡동,더힐(도시형),-세대수
11세대
동수
총 1동
사용승인일
1990.12.29
면적
26.65㎡ ~ 44.42㎡, 23
강남구,도곡동,도곡그린빌,9억 5000세대수
19세대
동수
총 1동
사용승인일
1995.12.30
면적
63.77㎡ ~ 127.4㎡, 1
강남구,도곡동,도곡렉슬,22억 5000~59억세대수
3002세대
동수
총 34동
사용승인일
2006.01.27
면적
86.43㎡ ~ 225.29㎡, 2
강남구,도곡동,도곡루아르(도시형),9억 6200~11억세대수
29세대
동수
총 1동
사용승인일
2022.04.04
면적
64.32㎡ ~ 66.68㎡, 8
강남구,도곡동,도곡삼성래미안,21억~41억 5000세대수
732세대
동수
총 10동
사용승인일
2001.12.01
면적
81.35㎡ ~ 158.1㎡, 8
강남구,도곡동,도곡상지카일룸,-세대수
23세대
동수
총 1동
사용승인일
2018.12.24
면적
255.19㎡ ~ 275.56㎡, 12
강남구,도곡동,도곡스타빌,-세대수
15세대
동수
총 1동
사용승인일
2006.09.15
면적
59.17㎡ ~ 104.14㎡, 22
강남구,도곡동,도곡스테이77(도시형),-세대수
77세대
동수
총 1동
사용승인일
2020.03.02
면적
31.15㎡ ~ 44.58㎡,정보 없음
강남구,도곡동,도곡쌍용예가,22억 5000~26억 5000세대수
384세대
동수
총 5동
사용승인일
2015.01.28
면적
83.52㎡ ~ 232.86㎡, 1
강남구,도곡동,도곡아이파크1차,21억~31억세대수
321세대
동수
총 5동
사용승인일
2007.03.27
면적
109.19㎡ ~ 178.59㎡, 16
강남구,도곡동,도곡아이파크2차,32억~34억세대수
58세대
동수
총 2동
사용승인일
2006.02.13
면적
175.89㎡ ~ 232.37㎡, 4
강남구,도곡동,도곡아이파크3차,30억~31억세대수
72세대
동수
총 3동
사용승인일
2007.04.27
면적
179.5㎡ ~ 225.98㎡, 5
강남구,도곡동,도곡우성,22억 5000~23억세대수
390세대
동수
총 2동
사용승인일
1986.10.31
면적
93.94㎡ ~ 101.17㎡, 2
강남구,도곡동,도곡월드메르디앙,-세대수
29세대
동수
총 2동
사용승인일
2005.03.31
면적
118.58㎡ ~ 208.38㎡, 12
강남구,도곡동,도곡조이너스,18억세대수
26세대
동수
총 1동
사용승인일
2008.04.30
면적
78.68㎡ ~ 109.25㎡, 2
강남구,도곡동,도곡지웰카운티,22억~24억세대수
37세대
동수
총 2동
사용승인일
2010.02.26
면적
125.8㎡ ~ 148.53㎡, 10
강남구,도곡동,도곡푸르지오1차,-세대수
17세대
동수
총 1동
사용승인일
2005.12.26
면적
185.04㎡ ~ 208.44㎡, 6
강남구,도곡동,도곡푸르지오2차(주상복합),-세대수
13세대
동수
총 1동
사용승인일
2006.07.03
면적
185.43㎡, 7
강남구,도곡동,도곡하이빌,-세대수
12세대
동수
총 1동
사용승인일
2005.07.22
면적
76.23㎡ ~ 156.39㎡, 1
강남구,도곡동,도곡한라비발디,23억~38억세대수
110세대
동수
총 1동
사용승인일
2016.04.22
면적
111.45㎡ ~ 164.97㎡, 3
강남구,도곡동,도곡한신,22억~28억세대수
421세대
동수
총 5동
사용승인일
1988.07.16
면적
79.5㎡ ~ 135.75㎡, 6
강남구,도곡동,도곡현대하이페리온,28억~30억세대수
71세대
동수
총 2동
사용승인일
2004.03.10
면적
171.91㎡ ~ 218.57㎡, 5
강남구,도곡동,도곡현대힐스테이트,-세대수
57세대
동수
총 4동
사용승인일
1996.07.03
면적
151.4㎡ ~ 224.74㎡, 1
강남구,도곡동,동연빌(주상복합),-세대수
18세대
동수
총 1동
사용승인일
2001.08.08
면적
35.64㎡ ~ 39.34㎡, 11
강남구,도곡동,라온빌(도시형),-세대수
11세대
동수
총 1동
사용승인일
2013.05.21
면적
20.79㎡ ~ 56.27㎡, 8
강남구,도곡동,래미안도곡카운티,23억~37억세대수
397세대
동수
총 8동
사용승인일
2013.02.26
면적
81.57㎡ ~ 132.86㎡, 5
강남구,도곡동,로덴하우스웨스트빌리지,50억세대수
19세대
동수
총 1동
사용승인일
2009.10.05
면적
298.43㎡ ~ 337.65㎡, 16
강남구,도곡동,로덴하우스이스트빌리지,47억세대수
33세대
동수
총 1동
사용승인일
2009.10.01
면적
280.33㎡ ~ 287.45㎡, 16
강남구,도곡동,롯데캐슬모닝,26억 5000세대수
60세대
동수
총 2동
사용승인일
2003.08.30
면적
105.37㎡ ~ 177.25㎡, 6
강남구,도곡동,리치아르떼빌,-세대수
11세대
동수
총 1동
사용승인일
2003.11.24
면적
138.84㎡ ~ 199.26㎡, 11
강남구,도곡동,매봉,16억 3000~20억 5000세대수
132세대
동수
총 1동
사용승인일
1999.01.06
면적
70.84㎡ ~ 100.61㎡, 20
강남구,도곡동,벨라빌,-세대수
13세대
동수
총 1동
사용승인일
2000.09.19
면적
184.94㎡ ~ 265.33㎡, 11
강남구,도곡동,삼성,17억~23억세대수
231세대
동수
총 4동
사용승인일
1994.12.30
면적
81.09㎡ ~ 104.15㎡, 16
강남구,도곡동,삼익,21억~21억 3000세대수
247세대
동수
총 2동
사용승인일
1983.06.11
면적
113.73㎡ ~ 165.21㎡, 11
강남구,도곡동,삼호,-세대수
144세대
동수
총 2동
사용승인일
1984.01.16
면적
137.85㎡, 21
강남구,도곡동,신성빌리지,-세대수
16세대
동수
총 2동
사용승인일
1995.07.05
면적
119.94㎡ ~ 131.9㎡, 13
강남구,도곡동,아카데미스위트(주상복합),23억~25억 5000세대수
414세대
동수
총 1동
사용승인일
2004.11.15
면적
112.2㎡ ~ 332.64㎡, 11
강남구,도곡동,양재SK허브프리모(주상복합),3억 8000~9억 7000세대수
176세대
동수
총 1동
사용승인일
2006.01.18
면적
47.19㎡ ~ 98.16㎡, 4
강남구,도곡동,역삼럭키,22억 5000~30억세대수
1094세대
동수
총 10동
사용승인일
1995.12.28
면적
112㎡ ~ 145.2㎡, 8
강남구,도곡동,우성리빙텔(주상복합),-세대수
39세대
동수
총 1동
사용승인일
1996.09.06
면적
150.71㎡ ~ 169.35㎡, 10
강남구,도곡동,우성캐릭터199(주상복합),27억~28억세대수
199세대
동수
총 2동
사용승인일
1998.11.07
면적
162.08㎡ ~ 201.13㎡, 9
강남구,도곡동,우성캐릭터빌(주상복합),-세대수
47세대
동수
총 1동
사용승인일
1998.07.01
면적
192.17㎡ ~ 219.68㎡, 12
강남구,도곡동,울트라멤버스,-세대수
19세대
동수
총 1동
사용승인일
2003.12.30
면적
95.76㎡ ~ 164.52㎡, 16
강남구,도곡동,원팰리스,-세대수
19세대
동수
총 1동
사용승인일
2003.08.12
면적
57.59㎡ ~ 126.72㎡, 4
강남구,도곡동,이니그마빌Ⅲ,43억~60억세대수
14세대
동수
총 1동
사용승인일
2006.05.12
면적
265.22㎡ ~ 270.31㎡, 12
강남구,도곡동,중명하니빌,3억 6000~5억 3000세대수
111세대
동수
총 1동
사용승인일
1997.04.07
면적
31.88㎡ ~ 64.37㎡, 4
강남구,도곡동,타워팰리스1차(주상복합),26억 5000~95억세대수
1294세대
동수
총 4동
사용승인일
2002.10.23
면적
105.79㎡ ~ 403.76㎡, 6
강남구,도곡동,타워팰리스2차(주상복합),29억~108억세대수
813세대
동수
총 2동
사용승인일
2003.02.28
면적
92.87㎡ ~ 326.18㎡, 6
강남구,도곡동,타워팰리스3차(주상복합),34억~75억세대수
480세대
동수
총 1동
사용승인일
2004.04.19
면적
160.73㎡ ~ 314.94㎡, 8
강남구,도곡동,파크힐,-세대수
17세대
동수
총 1동
사용승인일
2005.12.21
면적
57.4㎡ ~ 216.87㎡, 6
강남구,도곡동,포레스트빌,-세대수
4세대
동수
총 1동
사용승인일
2003.05.16
면적
145.61㎡ ~ 160.22㎡, 13
강남구,도곡동,포스코트,36억~38억세대수
64세대
동수
총 1동
사용승인일
2002.01.30
면적
241.7㎡ ~ 256.17㎡, 14
강남구,도곡동,플럼힐스,25억세대수
5세대
동수
총 1동
사용승인일
2003.08.01
면적
260.67㎡ ~ 334.12㎡, 13
강남구,도곡동,필로스,-세대수
8세대
동수
총 1동
사용승인일
2004.01.06
면적
115.57㎡ ~ 233.97㎡, 12
강남구,도곡동,현대(도곡현대),20억~22억세대수
211세대
동수
총 3동
사용승인일
1994.12.30
면적
102.54㎡, 5
강남구,도곡동,현대그린,19억~22억세대수
171세대
동수
총 1동
사용승인일
2006.10.19
면적
96.61㎡ ~ 96.91㎡, 5
강남구,도곡동,현대벨라하우스,-세대수
8세대
동수
총 1동
사용승인일
1996.12.27
면적
256.24㎡ ~ 272.1㎡, 16
강남구,도곡동,현대비젼21(주상복합),4억 5000~5억 5000세대수
232세대
동수
총 1동
사용승인일
1999.11.30
면적
50.9㎡ ~ 66.57㎡, 11
강남구,도곡동,현대아이리스,16억세대수
17세대
동수
총 1동
사용승인일
2004.11.08
면적
100.52㎡ ~ 157.81㎡, 6
강남구,도곡동,현대오티움,31억세대수
18세대
동수
총 1동
사용승인일
1998.02.11
면적
219.69㎡ ~ 262.63㎡, 13
강남구,도곡동,힐데스하임,-세대수
19세대
동수
총 1동
사용승인일
1998.04.28
면적
288.9㎡ ~ 501.28㎡, 14
강남구,삼성동,LH삼성(도시형),6억 8000세대수
47세대
동수
총 1동
사용승인일
2013.08.01
면적
44.28㎡ ~ 65.73㎡, 18
강남구,삼성동,SM드림빌,-세대수
16세대
동수
총 1동
사용승인일
2003.03.05
면적
58.04㎡ ~ 94.35㎡, 2
강남구,삼성동,강변삼부,-세대수
48세대
동수
총 1동
사용승인일
2000.09.01
면적
100.64㎡ ~ 135.66㎡, 17
강남구,삼성동,골든카운티,-세대수
19세대
동수
총 1동
사용승인일
2019.01.11
면적
96.69㎡ ~ 190.65㎡, 6
강남구,삼성동,그라나다,12억 7000세대수
19세대
동수
총 1동
사용승인일
2002.11.13
면적
52.82㎡ ~ 99.44㎡, 3
강남구,삼성동,네오블로썸,-세대수
12세대
동수
총 1동
사용승인일
2009.02.20
면적
115.01㎡, 1
강남구,삼성동,삼성롯데캐슬클라쎄,3억~17억세대수
287세대
동수
총 1동
사용승인일
2019.09.30
면적
30.65㎡ ~ 235.3㎡, 19
강남구,삼성동,다우림하우스,-세대수
10세대
동수
총 1동
사용승인일
2006.04.20
면적
89.66㎡ ~ 147.08㎡, 9
강남구,삼성동,동구싼타빌,-세대수
19세대
동수
총 1동
사용승인일
2004.06.09
면적
76.29㎡ ~ 136.63㎡, 16
강남구,삼성동,동일파크스위트,42억세대수
36세대
동수
총 1동
사용승인일
2007.02.01
면적
170.87㎡ ~ 202.22㎡, 17
강남구,삼성동,래미안라클래시,24억 5000~37억세대수
679세대
동수
총 7동
사용승인일
2021.09.17
면적
84.46㎡ ~ 227.3㎡, 8
강남구,삼성동,래미안삼성1차(101동),-세대수
77세대
동수
총 1동
사용승인일
2005.12.19
면적
91.51㎡ ~ 233.66㎡, 14
강남구,삼성동,래미안삼성1차(201동),-세대수
36세대
동수
총 1동
사용승인일
2006.06.29
면적
99.64㎡ ~ 151.81㎡, 14
강남구,삼성동,래미안삼성1차(301,302,303동),28억~38억 5000세대수
133세대
동수
총 3동
사용승인일
2006.04.27
면적
102.54㎡ ~ 169.89㎡, 13
강남구,삼성동,래미안삼성1차(501~504동),25억~35억세대수
112세대
동수
총 4동
사용승인일
2005.12.19
면적
109.65㎡ ~ 205.27㎡, 14
강남구,삼성동,선릉LG에클라트(B동),3억 7000~7억세대수
318세대
동수
총 1동
사용승인일
2004.06.22
면적
56.02㎡ ~ 91.57㎡, 21
강남구,삼성동,로프트원,-세대수
19세대
동수
총 1동
사용승인일
2002.04.30
면적
68.01㎡ ~ 137.41㎡, 4
강남구,삼성동,롯데캐슬프레미어,26억~48억세대수
713세대
동수
총 11동
사용승인일
2007.03.26
면적
106.93㎡ ~ 239.42㎡, 6
강남구,삼성동,미켈란147(주상복합),16억 5000~17억세대수
67세대
동수
총 1동
사용승인일
2004.11.19
면적
101.54㎡ ~ 239.48㎡, 12
강남구,삼성동,브라운스톤레전드(주상복합),45억~48억세대수
54세대
동수
총 1동
사용승인일
2009.08.21
면적
199.47㎡ ~ 343.15㎡, 10
강남구,삼성동,삼부(101동),26억세대수
43세대
동수
총 1동
사용승인일
1998.12.03
면적
81.68㎡ ~ 141.16㎡, 16
강남구,삼성동,위레벤646,5억 6000~10억세대수
45세대
동수
총 1동
사용승인일
2021.06.24
면적
43.32㎡ ~ 83.72㎡, 4
강남구,삼성동,삼부아그레빌,19억 5000세대수
67세대
동수
총 1동
사용승인일
2003.06.07
면적
90.63㎡ ~ 125.95㎡, 12
강남구,삼성동,삼성SK뷰,-세대수
41세대
동수
총 1동
사용승인일
2005.11.08
면적
99.01㎡ ~ 158.17㎡, 17
강남구,삼성동,삼성골든빌,-세대수
18세대
동수
총 1동
사용승인일
1999.06.30
면적
237.33㎡ ~ 285.76㎡, 16
강남구,삼성동,삼성그랑빌,-세대수
14세대
동수
총 1동
사용승인일
2005.02.18
면적
96.86㎡ ~ 113.75㎡, 13
강남구,삼성동,삼성금호어울림,-세대수
68세대
동수
총 1동
사용승인일
2003.10.01
면적
77㎡ ~ 143.11㎡, 16
강남구,삼성동,삼성대성유니드,18억~19억세대수
59세대
동수
총 1동
사용승인일
2004.07.01
면적
97.5㎡ ~ 105.01㎡, 12
강남구,삼성동,삼성대우멤버스카운티1차,-세대수
38세대
동수
총 2동
사용승인일
2004.09.02
면적
116.89㎡ ~ 180.27㎡, 14
강남구,삼성동,삼성대우멤버스카운티2차,-세대수
17세대
동수
총 1동
사용승인일
2004.11.30
면적
140.68㎡ ~ 195.45㎡, 4
강남구,삼성동,삼성대우멤버스카운티3차,-세대수
11세대
동수
총 1동
사용승인일
2005.11.04
면적
121.35㎡ ~ 172.92㎡, 4
강남구,삼성동,삼성대우멤버스카운티5차,-세대수
17세대
동수
총 1동
사용승인일
2005.11.04
면적
136.06㎡ ~ 143.17㎡, 4
강남구,삼성동,삼성대유리채(도시형),-세대수
65세대
동수
총 1동
사용승인일
2012.02.04
면적
21.73㎡ ~ 61.62㎡, 10
강남구,삼성동,삼성더파크뷰,-세대수
12세대
동수
총 1동
사용승인일
1997.01.30
면적
215.58㎡, 8
강남구,삼성동,삼성드림하우스,-세대수
18세대
동수
총 1동
사용승인일
2003.06.26
면적
93.58㎡ ~ 135.68㎡, 4
강남구,삼성동,삼성디뷰더센트럴(도시형),7억 500~8억 9300세대수
27세대
동수
총 1동
사용승인일
2023.02
면적
39.99㎡ ~ 50.07㎡, 19
강남구,삼성동,삼성라테라스,40억~43억세대수
18세대
동수
총 1동
사용승인일
2013.06.05
면적
139.86㎡ ~ 243.27㎡, 21
강남구,삼성동,삼성롯데,17억 5000~25억 5000세대수
339세대
동수
총 3동
사용승인일
2000.04.15
면적
79.36㎡ ~ 122.6㎡, 7
강남구,삼성동,삼성롯데캐슬킹덤,32억~33억세대수
118세대
동수
총 3동
사용승인일
2005.11.29
면적
122.25㎡ ~ 207.63㎡, 1
강남구,삼성동,삼성루첸시아,-세대수
10세대
동수
총 1동
사용승인일
2007.07.02
면적
60.23㎡ ~ 129.09㎡, 13
강남구,삼성동,삼성리치빌(주상복합),-세대수
48세대
동수
총 1동
사용승인일
2003.03.21
면적
100.73㎡, 14
강남구,삼성동,삼성미켈란107(주상복합),19억 5000~22억세대수
64세대
동수
총 1동
사용승인일
2003.12.31
면적
99.79㎡, 13
강남구,삼성동,삼성벨라스,26억세대수
19세대
동수
총 1동
사용승인일
2002.09.18
면적
156.64㎡ ~ 185.99㎡, 2
강남구,삼성동,삼성벽산블루밍,-세대수
26세대
동수
총 2동
사용승인일
2006.02.10
면적
97.47㎡ ~ 174.24㎡, 15
강남구,삼성동,삼성브르넨(주상복합),23억~29억세대수
22세대
동수
총 1동
사용승인일
2021.10
면적
41.29㎡ ~ 162.84㎡, 9
강남구,삼성동,삼성센트럴아이파크,34억~48억세대수
416세대
동수
총 4동
사용승인일
2018.03.30
면적
74.23㎡ ~ 220.74㎡, 8
강남구,삼성동,삼성신도브래뉴(주상복합),19억~32억세대수
21세대
동수
총 1동
사용승인일
2010.06.16
면적
102.98㎡ ~ 163.81㎡, 10
강남구,삼성동,삼성씨엘케이,20억 5000세대수
12세대
동수
총 1동
사용승인일
2002.05.27
면적
99.47㎡, 4
강남구,삼성동,삼성아셈,-세대수
18세대
동수
총 1동
사용승인일
2003.12.02
면적
62.9㎡ ~ 125.13㎡, 14
강남구,삼성동,삼성아트빌,-세대수
10세대
동수
총 1동
사용승인일
2004.03.05
면적
109.34㎡ ~ 126.34㎡, 9
강남구,삼성동,삼성아펠바움,50억~58억세대수
17세대
동수
총 1동
사용승인일
2008.02.18
면적
282.73㎡ ~ 313.63㎡, 15
강남구,삼성동,삼성오네뜨,-세대수
48세대
동수
총 2동
사용승인일
2004.03.24
면적
162.61㎡ ~ 178.71㎡, 11
강남구,삼성동,삼성우림루미아트,26억세대수
40세대
동수
총 1동
사용승인일
2005.02.04
면적
117.5㎡ ~ 165.44㎡, 17
강남구,삼성동,삼성우정에쉐르II(주상복합),12억세대수
60세대
동수
총 1동
사용승인일
2004.12.03
면적
66.26㎡ ~ 71.83㎡, 15
강남구,삼성동,삼성월드타워,-세대수
46세대
동수
총 1동
사용승인일
1997.09.22
면적
66.98㎡ ~ 96.55㎡, 4
강남구,삼성동,삼성웰피아,-세대수
19세대
동수
총 1동
사용승인일
2005.06.29
면적
104.91㎡ ~ 120.23㎡, 12
강남구,삼성동,삼성이안파크,18억세대수
19세대
동수
총 1동
사용승인일
2004.05.07
면적
102.03㎡ ~ 130.74㎡, 11
강남구,삼성동,삼성중앙하이츠빌리지,21억~28억세대수
298세대
동수
총 5동
사용승인일
2004.12.29
면적
83.93㎡ ~ 192.66㎡, 7
강남구,삼성동,삼성지웰팰리스(주상복합),-세대수
16세대
동수
총 1동
사용승인일
2005.12.22
면적
103.53㎡ ~ 264.51㎡, 5
강남구,삼성동,삼성파크,20억세대수
114세대
동수
총 1동
사용승인일
2001.12.17
면적
121.5㎡ ~ 162.21㎡, 11
강남구,삼성동,삼성파크엘나인(주상복합),-세대수
4세대
동수
총 1동
사용승인일
2021.08.05
면적
35.76㎡ ~ 107.72㎡, 5
강남구,삼성동,삼성팰리스(71-16),35억세대수
19세대
동수
총 1동
사용승인일
2006.10.09
면적
99.26㎡ ~ 136.65㎡, 16
강남구,삼성동,삼성펠리스(129-5),-세대수
18세대
동수
총 1동
사용승인일
2005.12.16
면적
90.02㎡ ~ 187.6㎡, 13
강남구,삼성동,삼성포스코더샵(주상복합),32억~36억세대수
72세대
동수
총 1동
사용승인일
2003.08.20
면적
176.54㎡ ~ 242.66㎡, 11
강남구,삼성동,삼성풍림2차,17억세대수
112세대
동수
총 1동
사용승인일
1998.12.24
면적
54.6㎡ ~ 126.74㎡, 12
강남구,삼성동,삼성한일,-세대수
127세대
동수
총 1동
사용승인일
2001.12.27
면적
83.55㎡ ~ 108.27㎡, 5
강남구,삼성동,삼성헤렌하우스2,37억~54억세대수
33세대
동수
총 2동
사용승인일
2010.12.28
면적
133.03㎡ ~ 273.46㎡, 7
강남구,삼성동,삼성현대1차,-세대수
19세대
동수
총 1동
사용승인일
2005.12.22
면적
176.36㎡ ~ 230.61㎡, 9
강남구,삼성동,삼성현대2차,-세대수
11세대
동수
총 1동
사용승인일
2006.05.30
면적
128.29㎡ ~ 174.5㎡, 8
강남구,삼성동,삼성힐스테이트1단지,11억 5000~37억세대수
1144세대
동수
총 17동
사용승인일
2008.12.10
면적
41.4㎡ ~ 144.26㎡, 7
강남구,삼성동,삼성힐스테이트2단지,16억 5000~30억세대수
926세대
동수
총 12동
사용승인일
2008.12.10
면적
51.81㎡ ~ 111.25㎡, 6
강남구,삼성동,상아빌라트,25억세대수
17세대
동수
총 1동
사용승인일
1998.07.27
면적
189.41㎡ ~ 290.16㎡, 4
강남구,삼성동,상지리츠빌카일룸,53억~53억 5000세대수
13세대
동수
총 1동
사용승인일
2012.07.27
면적
287.46㎡ ~ 333.74㎡, 18
강남구,삼성동,서광,17억 3000~22억 5000세대수
304세대
동수
총 2동
사용승인일
1998.11.06
면적
77.04㎡ ~ 104.43㎡, 5
강남구,삼성동,석탑,17억 5000세대수
139세대
동수
총 1동
사용승인일
1996.04.08
면적
80.92㎡ ~ 106.24㎡, 3
강남구,삼성동,선릉LG에클라트(A동,주상복합),3억 4500~3억 7000세대수
125세대
동수
총 1동
사용승인일
2003.07.28
면적
45.07㎡ ~ 65.27㎡, 17
강남구,삼성동,선릉LG에클라트(B동,주상복합),3억 3000~4억 5000세대수
293세대
동수
총 1동
사용승인일
2004.06.22
면적
47.44㎡ ~ 77.44㎡, 16
강남구,삼성동,세방타운하우스,-세대수
14세대
동수
총 1동
사용승인일
1998.09.23
면적
100.53㎡ ~ 148.14㎡, 13
강남구,삼성동,신동아듀크빌,-세대수
17세대
동수
총 1동
사용승인일
2000.11.30
면적
264.44㎡ ~ 300.64㎡, 16
강남구,삼성동,심포니하우스,-세대수
19세대
동수
총 1동
사용승인일
1998.06.24
면적
190.66㎡ ~ 264.54㎡, 14
강남구,삼성동,쌍용플래티넘(주상복합),-세대수
88세대
동수
총 2동
사용승인일
2003.12.01
면적
147.32㎡ ~ 188.65㎡, 6
강남구,삼성동,씨티빌,-세대수
38세대
동수
총 2동
사용승인일
1992.12.11
면적
181.63㎡ ~ 305.35㎡, 12
강남구,삼성동,아델하우스,70억세대수
14세대
동수
총 1동
사용승인일
2008.09.04
면적
210.21㎡ ~ 226.56㎡, 13
강남구,삼성동,아르헤타워(도시형),6억세대수
20세대
동수
총 1동
사용승인일
2016.07.14
면적
39.84㎡ ~ 43.17㎡, 0
강남구,삼성동,아셈(150-5),-세대수
19세대
동수
총 1동
사용승인일
2006.03.28
면적
74.72㎡ ~ 168.02㎡, 13
강남구,삼성동,아이파크삼성,50억~162억세대수
449세대
동수
총 3동
사용승인일
2004.03.18
면적
182.87㎡ ~ 345.15㎡, 5
강남구,삼성동,영무예다음,20억세대수
45세대
동수
총 2동
사용승인일
2006.06.01
면적
105.72㎡ ~ 135.18㎡, 8
강남구,삼성동,우정에쉐르,21억 5000세대수
40세대
동수
총 1동
사용승인일
2003.06.03
면적
109.43㎡ ~ 151.46㎡, 5
강남구,삼성동,월성빌라트,-세대수
19세대
동수
총 1동
사용승인일
1994.06.01
면적
115.14㎡ ~ 212.52㎡, 12
강남구,삼성동,위레벤646(도시형),-세대수
63세대
동수
총 1동
사용승인일
2021.06.24
면적
49.5㎡ ~ 161.15㎡, 4
강남구,삼성동,이안애2차,10억~16억 7000세대수
19세대
동수
총 1동
사용승인일
2004.10.07
면적
72.06㎡ ~ 133.37㎡, 13
강남구,삼성동,선릉LG에클라트(B동),3억 7000~7억세대수
318세대
동수
총 1동
사용승인일
2004.06.22
면적
56.02㎡ ~ 91.57㎡, 21
강남구,삼성동,채널리저브(주상복합),17억 5000세대수
78세대
동수
총 1동
사용승인일
2007.01.02
면적
103.86㎡ ~ 182.83㎡, 15
강남구,삼성동,청구,24억~30억세대수
167세대
동수
총 3동
사용승인일
1992.05.15
면적
104.76㎡, 3
강남구,삼성동,푸른솔,-세대수
61세대
동수
총 1동
사용승인일
1996.04.26
면적
82.24㎡ ~ 198.11㎡, 4
강남구,삼성동,풍림,-세대수
36세대
동수
총 1동
사용승인일
1997.07.04
면적
58.04㎡ ~ 76.32㎡, 13
강남구,삼성동,풍림1차,17억 5000~30억세대수
252세대
동수
총 1동
사용승인일
1998.07.27
면적
71.19㎡ ~ 141.23㎡, 12
강남구,삼성동,프레스티지(도시형),-세대수
16세대
동수
총 1동
사용승인일
2017.04.12
면적
34.51㎡ ~ 39.51㎡, 7
강남구,삼성동,한솔,23억 5000~25억세대수
263세대
동수
총 2동
사용승인일
1998.11.16
면적
55.98㎡ ~ 147.81㎡, 3
강남구,삼성동,한양립스(주상복합),7억 1700~9억세대수
28세대
동수
총 1동
사용승인일
2022.01.14
면적
40.09㎡, 17
강남구,삼성동,현대,17억~18억세대수
198세대
동수
총 1동
사용승인일
1999.04.16
면적
45.92㎡ ~ 144.33㎡, 6
강남구,삼성동,현대빌라트,19억 8000세대수
14세대
동수
총 1동
사용승인일
2004.11.16
면적
88.43㎡ ~ 182.1㎡, 6
강남구,삼성동,현대타워(주상복합),28억세대수
30세대
동수
총 1동
사용승인일
1998.07.01
면적
187.05㎡, 17
강남구,삼성동,형우,45억~48억세대수
19세대
동수
총 1동
사용승인일
2003.07.22
면적
207.03㎡ ~ 259.54㎡, 14
강남구,삼성동,호산프라자(주상복합),-세대수
41세대
동수
총 1동
사용승인일
1997.12.23
면적
27.83㎡ ~ 50.49㎡, 6
강남구,삼성동,홍실,29억~40억세대수
384세대
동수
총 6동
사용승인일
1981.10.05
면적
101.02㎡ ~ 175.92㎡, 1
강남구,세곡동,강남LH1단지(e편한세상),15억 5000~18억 5000세대수
809세대
동수
총 12동
사용승인일
2013.06.12
면적
81.83㎡ ~ 115.97㎡, 16
강남구,세곡동,강남데시앙파크,15억 3000~21억세대수
546세대
동수
총 15동
사용승인일
2011.11.01
면적
108.54㎡ ~ 145.53㎡, 11
강남구,세곡동,강남신동아파밀리에1단지,14억~15억 5000세대수
395세대
동수
총 6동
사용승인일
2011.02.23
면적
86.88㎡ ~ 86.89㎡, 10
강남구,세곡동,강남신동아파밀리에2단지,15억 5000세대수
410세대
동수
총 7동
사용승인일
2011.02.23
면적
115.82㎡ ~ 116.72㎡, 5
강남구,세곡동,강남효성해링턴코트,27억~30억세대수
199세대
동수
총 11동
사용승인일
2016.04.28
면적
114.4㎡ ~ 158.52㎡, 4
강남구,세곡동,세곡리엔파크3단지,18억세대수
363세대
동수
총 7동
사용승인일
2011.02.23
면적
118.44㎡, 4
강남구,세곡동,세곡푸르지오,15억 8000~20억세대수
912세대
동수
총 16동
사용승인일
2012.08.31
면적
80.22㎡ ~ 113.85㎡, 3
강남구,우면동,LH서초5단지,11억 7000~16억세대수
358세대
동수
총 3동
사용승인일
2013.12.04
면적
81.97㎡ ~ 116.25㎡, 9
강남구,우면동,금광아크존(주상복합),14억~14억 5000세대수
39세대
동수
총 1동
사용승인일
2004.09.08
면적
67.68㎡ ~ 124.52㎡, 17
강남구,우면동,뉴현대,-세대수
10세대
동수
총 1동
사용승인일
2004.09.01
면적
68.15㎡ ~ 129.27㎡, 3
강남구,우면동,닛시빌라트,-세대수
19세대
동수
총 1동
사용승인일
2002.12.27
면적
88.33㎡ ~ 195.48㎡, 18
강남구,우면동,대성아트빌,-세대수
19세대
동수
총 1동
사용승인일
2002.11.28
면적
58.71㎡ ~ 100.6㎡, 5
강남구,우면동,대원칸타빌,15억~18억세대수
130세대
동수
총 2동
사용승인일
2001.07.20
면적
85.08㎡ ~ 144.14㎡, 11
강남구,우면동,래미안신사,22억~25억세대수
63세대
동수
총 1동
사용승인일
2008.10.06
면적
113.06㎡, 8
강남구,우면동,로데오현대,15억~23억세대수
139세대
동수
총 1동
사용승인일
1998.11.16
면적
73.95㎡ ~ 122.28㎡, 12
강남구,우면동,루덴하우스,11억세대수
19세대
동수
총 1동
사용승인일
2007.04.25
면적
88.73㎡ ~ 102.99㎡, 6
강남구,우면동,리갈팰리스,-세대수
15세대
동수
총 1동
사용승인일
2007.11.01
면적
184.74㎡ ~ 275.45㎡, 10
강남구,우면동,신사빌라트1,-세대수
9세대
동수
총 1동
사용승인일
2002.09.03
면적
26.77㎡ ~ 163.98㎡, 4
강남구,우면동,신사씨티빌,-세대수
17세대
동수
총 1동
사용승인일
2002.01.23
면적
51.8㎡ ~ 164.21㎡, 7
강남구,우면동,신사아이빌,-세대수
19세대
동수
총 1동
사용승인일
2006.06.15
면적
94.27㎡ ~ 127.8㎡, 8
강남구,우면동,신사아크존2,-세대수
14세대
동수
총 1동
사용승인일
2005.11.08
면적
105.52㎡ ~ 146.53㎡, 12
강남구,우면동,신사파크빌,-세대수
28세대
동수
총 2동
사용승인일
2004.09.10
면적
104.48㎡ ~ 146.45㎡, 6
강남구,우면동,신성,17억~17억 5000세대수
55세대
동수
총 1동
사용승인일
1996.10.04
면적
72.11㎡ ~ 98.32㎡, 11
강남구,압구정동,대림빌라트,-세대수
19세대
동수
총 1동
사용승인일
1998.10.27
면적
209.6㎡ ~ 254.46㎡, 8
강남구,압구정동,미성1차,38억~60억세대수
322세대
동수
총 3동
사용승인일
1982.11.18
면적
111.97㎡ ~ 193.09㎡, 8
강남구,압구정동,미성2차,30억~55억세대수
911세대
동수
총 9동
사용승인일
1987.12.05
면적
95.27㎡ ~ 163.56㎡, 7
강남구,압구정동,신현대(현대9,11,12차),40억~75억세대수
1924세대
동수
총 27동
사용승인일
1982.05.25
면적
114.08㎡ ~ 202.05㎡, 5
강남구,압구정동,영동한양1차,30억~42억세대수
936세대
동수
총 10동
사용승인일
1977.12.26
면적
63.14㎡ ~ 168.79㎡, 9
강남구,압구정동,한양2차,55억~63억세대수
296세대
동수
총 5동
사용승인일
1978.09.16
면적
160.57㎡ ~ 286.35㎡, 8
강남구,압구정동,한양3차,39억~57억세대수
312세대
동수
총 5동
사용승인일
1978.11.30
면적
127.07㎡ ~ 176.43㎡, 9
강남구,압구정동,한양4차,35억~73억세대수
286세대
동수
총 4동
사용승인일
1978.12.28
면적
85.52㎡ ~ 228.51㎡, 13
강남구,압구정동,한양5차,38억 5000~56억세대수
343세대
동수
총 4동
사용승인일
1979.11.13
면적
108.26㎡ ~ 168.46㎡, 7
강남구,압구정동,한양6차,37억세대수
227세대
동수
총 2동
사용승인일
1980.12.30
면적
115.1㎡ ~ 168.7㎡, 11
강남구,압구정동,한양7차,38억~50억세대수
239세대
동수
총 2동
사용승인일
1981.04.25
면적
114.55㎡ ~ 151.04㎡, 4
강남구,압구정동,한양8차,83억~84억 5000세대수
90세대
동수
총 1동
사용승인일
1984.06.14
면적
208.37㎡ ~ 224.21㎡, 6
강남구,압구정동,현대1,2차,46억 5000~80억세대수
960세대
동수
총 13동
사용승인일
1976.06.07
면적
141.74㎡ ~ 213.46㎡, 3
강남구,압구정동,현대10차,39억~42억세대수
144세대
동수
총 2동
사용승인일
1982.06.14
면적
115.41㎡ ~ 164.59㎡, 7
강남구,압구정동,현대13차,-세대수
234세대
동수
총 4동
사용승인일
1984.07.11
면적
116.03㎡ ~ 119.5㎡, 10
강남구,압구정동,현대14차,41억~42억세대수
388세대
동수
총 4동
사용승인일
1987.04.21
면적
96.49㎡ ~ 99.48㎡, 7
강남구,압구정동,현대3차,36억~37억세대수
432세대
동수
총 4동
사용승인일
1976.11.04
면적
108.88㎡ ~ 108.94㎡, 3
강남구,압구정동,현대4차,55억~60억세대수
170세대
동수
총 6동
사용승인일
1977.07.12
면적
140.26㎡, 1
강남구,압구정동,현대5차,39억~40억세대수
224세대
동수
총 2동
사용승인일
1977.12.21
면적
113.96㎡, 2
강남구,압구정동,현대6,7차,51억~80억세대수
1288세대
동수
총 15동
사용승인일
1978.09.21
면적
156.13㎡ ~ 264.87㎡, 1
강남구,압구정동,현대65동(대림아크로빌),100억세대수
56세대
동수
총 1동
사용승인일
1979.06.28
면적
269.57㎡ ~ 282.65㎡, 2
강남구,압구정동,현대8차,36억~58억세대수
515세대
동수
총 5동
사용승인일
1981.04.10
면적
115.26㎡ ~ 177.73㎡, 17
강남구,압구정동,현대빌라트,58억~60억세대수
19세대
동수
총 1동
사용승인일
1996.08.29
면적
203.03㎡ ~ 242.42㎡, 8
강남구,역삼동,CMD(르네상스프라자),-세대수
7세대
동수
총 1동
사용승인일
2002.10.01
면적
40.95㎡ ~ 95.64㎡, 16
강남구,역삼동,D&S리치빌(도시형),-세대수
49세대
동수
총 1동
사용승인일
2013.04.30
면적
23.86㎡ ~ 33.54㎡, 19
강남구,역삼동,K타워(도시형),-세대수
33세대
동수
총 1동
사용승인일
2014.04.30
면적
25.98㎡ ~ 26.34㎡, 16
강남구,역삼동,SK허브젠(주상복합),18억 8000~21억 5000세대수
56세대
동수
총 1동
사용승인일
2005.08.23
면적
87.97㎡ ~ 108.4㎡, 4
강남구,역삼동,강남IBC(민간임대,도시형),-세대수
137세대
동수
총 1동
사용승인일
1987.01.08
면적
33.99㎡ ~ 142.03㎡, 23
강남구,역삼동,강남IBC(민간임대),-세대수
93세대
동수
총 1동
사용승인일
1987.01.08
면적
50.04㎡ ~ 90.62㎡, 23
강남구,역삼동,강남뉴스텔,-세대수
80세대
동수
총 1동
사용승인일
1998.07.08
면적
14.96㎡ ~ 94.23㎡, 7
강남구,역삼동,강남웅진베어스빌(도시형),3억 8500~4억 3000세대수
25세대
동수
총 1동
사용승인일
2019.11.19
면적
24.01㎡ ~ 28.94㎡, 4
강남구,역삼동,강남피엔폴루스크리아체(도시형),-세대수
29세대
동수
총 1동
사용승인일
2024.05
면적
67.99㎡ ~ 87.46㎡,정보 없음
강남구,역삼동,강남한솔,8억 9000세대수
12세대
동수
총 1동
사용승인일
2006.01.03
면적
58.43㎡ ~ 86.13㎡, 9
강남구,역삼동,개나리SK뷰,31억~40억세대수
240세대
동수
총 3동
사용승인일
2012.08.17
면적
112.96㎡ ~ 160.22㎡, 1
강남구,역삼동,강남역쉐르빌,2억 5000~3억 1000세대수
297세대
동수
총 1동
사용승인일
2014.06.13
면적
39.48㎡ ~ 58.62㎡, 4
강남구,역삼동,개나리푸르지오,24억~40억세대수
332세대
동수
총 5동
사용승인일
2006.08.14
면적
79.81㎡ ~ 184.22㎡, 1
강남구,역삼동,갤러리빌,7억 2000세대수
32세대
동수
총 4동
사용승인일
2003.06.10
면적
66.15㎡ ~ 72.83㎡, 11
강남구,역삼동,갤러리아트,-세대수
15세대
동수
총 1동
사용승인일
2002.12.31
면적
38.37㎡ ~ 146.93㎡, 20
강남구,역삼동,갤러리하우스,-세대수
17세대
동수
총 1동
사용승인일
2002.12.18
면적
64.54㎡ ~ 93.86㎡, 20
강남구,역삼동,경남,16억~20억세대수
164세대
동수
총 1동
사용승인일
2002.05.01
면적
110.85㎡ ~ 117.5㎡, 11
강남구,역삼동,경남,16억~20억세대수
164세대
동수
총 1동
사용승인일
2002.05.01
면적
110.85㎡ ~ 117.5㎡, 11
강남구,역삼동,경인리빙텔(주상복합),-세대수
30세대
동수
총 1동
사용승인일
1998.04.29
면적
39.64㎡ ~ 87.58㎡, 2
강남구,역삼동,경일역삼,-세대수
17세대
동수
총 1동
사용승인일
2002.06.17
면적
94.35㎡ ~ 163.02㎡, 16
강남구,역삼동,공간쉐르빌,8억 5000세대수
17세대
동수
총 1동
사용승인일
2003.01.10
면적
48.85㎡ ~ 93.3㎡, 20
강남구,역삼동,광평하우스빌,-세대수
16세대
동수
총 1동
사용승인일
1997.07.18
면적
30.48㎡ ~ 57.42㎡, 6
강남구,역삼동,금호어울림,21억~26억세대수
183세대
동수
총 3동
사용승인일
2003.12.02
면적
103.7㎡ ~ 156.18㎡, 3
강남구,역삼동,꿈꾸지오(691-5),-세대수
16세대
동수
총 1동
사용승인일
2018.03.21
면적
28.03㎡ ~ 35.11㎡, 15
강남구,역삼동,꿈꾸지오(697-23),-세대수
16세대
동수
총 1동
사용승인일
2016.11.04
면적
25.97㎡ ~ 32.34㎡, 14
강남구,역삼동,꿈꾸지오(698-6,도시형),-세대수
20세대
동수
총 1동
사용승인일
2017.08.09
면적
30.63㎡ ~ 36.89㎡, 13
강남구,역삼동,꿈꾸지오(751-4,도시형),-세대수
20세대
동수
총 1동
사용승인일
2016.09.13
면적
27.13㎡ ~ 32.36㎡, 7
강남구,역삼동,꿈꾸지오(774-27,도시형),-세대수
22세대
동수
총 1동
사용승인일
2018.10.02
면적
25.26㎡ ~ 35.67㎡, 10
강남구,역삼동,꿈꾸지오(794-21,도시형),-세대수
24세대
동수
총 1동
사용승인일
2019.06.10
면적
20.71㎡ ~ 31.84㎡, 9
강남구,역삼동,네스빌,21억~24억 5000세대수
9세대
동수
총 1동
사용승인일
1996.05.22
면적
245.45㎡ ~ 259.51㎡, 7
강남구,역삼동,노블스위트,-세대수
19세대
동수
총 1동
사용승인일
2003.12.30
면적
78.96㎡ ~ 101.95㎡, 12
강남구,역삼동,뉴엠,28억~30억세대수
8세대
동수
총 1동
사용승인일
2002.02.22
면적
161.97㎡ ~ 251.31㎡, 18
강남구,역삼동,다사랑빌(도시형),-세대수
11세대
동수
총 1동
사용승인일
2012.07.03
면적
20.32㎡ ~ 47.03㎡, 4
강남구,역삼동,대림역삼,16억 5000~21억세대수
129세대
동수
총 1동
사용승인일
1997.10.01
면적
78.01㎡ ~ 111.09㎡, 12
강남구,역삼동,대명벨리온(도시형),2억 500~2억 7000세대수
71세대
동수
총 1동
사용승인일
2012.02.15
면적
21.12㎡ ~ 46.69㎡, 18
강남구,역삼동,대우디오빌플러스(주상복합),3억 2000~4억 5500세대수
168세대
동수
총 1동
사용승인일
2004.05.25
면적
46.72㎡ ~ 59.69㎡, 10
강남구,역삼동,더블루(주상복합),10억 5000~19억세대수
68세대
동수
총 1동
사용승인일
2012.08.31
면적
77.84㎡ ~ 113.16㎡, 10
강남구,역삼동,삼성제일,-세대수
200세대
동수
총 1동
사용승인일
1994.07.26
면적
71.75㎡ ~ 95.65㎡, 19
강남구,역삼동,동부센트레빌,18억 4000~18억 5000세대수
206세대
동수
총 1동
사용승인일
1998.04.21
면적
77.83㎡ ~ 110.66㎡, 5
강남구,역삼동,동원스위트뷰역삼,13억 5000~16억 5000세대수
28세대
동수
총 1동
사용승인일
2017.12.18
면적
84.46㎡ ~ 119.93㎡, 13
강남구,역삼동,뜨라네(828-21),-세대수
15세대
동수
총 1동
사용승인일
2005.08.02
면적
68.99㎡ ~ 106.58㎡, 11
강남구,역삼동,뜨라네(828-76),-세대수
18세대
동수
총 1동
사용승인일
2005.10.07
면적
36.66㎡ ~ 127.3㎡, 11
강남구,역삼동,래미안그레이튼2차,23억 5000~32억세대수
464세대
동수
총 5동
사용승인일
2010.06.10
면적
86㎡ ~ 154.96㎡, 12
강남구,역삼동,래미안그레이튼3차,23억~27억세대수
476세대
동수
총 8동
사용승인일
2009.12.28
면적
85.64㎡ ~ 172.22㎡, 9
강남구,역삼동,래미안펜타빌,35억 5000~40억세대수
288세대
동수
총 5동
사용승인일
2007.11.30
면적
161.43㎡ ~ 185.97㎡, 4
강남구,역삼동,로얄빌리지,13억세대수
19세대
동수
총 2동
사용승인일
2002.11.25
면적
61.04㎡ ~ 151.85㎡, 21
강남구,역삼동,로얄팰리스,20억세대수
15세대
동수
총 1동
사용승인일
2003.12.29
면적
106.45㎡ ~ 200.13㎡, 14
강남구,역삼동,루미하우스(도시형),-세대수
24세대
동수
총 1동
사용승인일
2013.10.31
면적
23.08㎡ ~ 34.82㎡, 19
강남구,역삼동,루트원레지던스(도시형),-세대수
28세대
동수
총 1동
사용승인일
2012.12.24
면적
24.4㎡ ~ 69.52㎡, 17
강남구,역삼동,리치타워,-세대수
19세대
동수
총 1동
사용승인일
1996.01.20
면적
97.23㎡ ~ 153.88㎡, 10
강남구,역삼동,명인갤러리1차,12억세대수
14세대
동수
총 1동
사용승인일
2002.09.23
면적
76.86㎡ ~ 95.31㎡, 10
강남구,역삼동,명인갤러리2차,21억~23억세대수
14세대
동수
총 1동
사용승인일
2004.11.22
면적
137.16㎡ ~ 137.68㎡, 10
강남구,역삼동,베르사이유,-세대수
16세대
동수
총 1동
사용승인일
2003.11.01
면적
126.56㎡ ~ 149.2㎡, 21
강남구,역삼동,베스젠빌,-세대수
19세대
동수
총 1동
사용승인일
2003.02.12
면적
112.19㎡ ~ 181.73㎡, 13
강남구,역삼동,불루밍코트,-세대수
19세대
동수
총 1동
사용승인일
2003.05.10
면적
90.83㎡ ~ 190.35㎡, 7
강남구,역삼동,비에네스타,-세대수
28세대
동수
총 1동
사용승인일
2019.12.05
면적
49.4㎡ ~ 161.9㎡, 8
강남구,역삼동,상지리츠빌,-세대수
28세대
동수
총 2동
사용승인일
2004.06.16
면적
180.55㎡, 12
강남구,역삼동,상지리츠빌역삼2차,-세대수
19세대
동수
총 1동
사용승인일
2006.12.27
면적
142.02㎡ ~ 188.07㎡, 11
강남구,역삼동,선릉역우정에쉐르멤버스(주상복합),3억 2000~6억세대수
34세대
동수
총 1동
사용승인일
2004.08.25
면적
28.83㎡ ~ 47.43㎡, 9
강남구,역삼동,역삼디오빌,3억 2000세대수
41세대
동수
총 1동
사용승인일
2002.06.25
면적
70.23㎡ ~ 160.96㎡, 12
강남구,역삼동,세방하이빌,-세대수
67세대
동수
총 2동
사용승인일
2003.01.02
면적
66.29㎡ ~ 120.67㎡, 10
강남구,역삼동,세연예지향,-세대수
19세대
동수
총 1동
사용승인일
2003.08.28
면적
110.61㎡ ~ 124.98㎡, 20
강남구,역삼동,세종빌라트,13억~20억세대수
19세대
동수
총 1동
사용승인일
1998.01.26
면적
139.39㎡ ~ 184.82㎡, 9
강남구,역삼동,스타힐스(도시형),-세대수
27세대
동수
총 1동
사용승인일
2012.11.06
면적
20.13㎡ ~ 34.77㎡, 13
강남구,역삼동,스톤엘리시온역삼,13억~13억 5000세대수
19세대
동수
총 1동
사용승인일
2021.01.28
면적
26.14㎡ ~ 69.99㎡, 12
강남구,역삼동,역삼아르누보씨티(생활숙박시설),2억 6000~3억 8500세대수
118세대
동수
총 1동
사용승인일
2008.05.26
면적
51.85㎡ ~ 116.73㎡,정보 없음
강남구,역삼동,시티프라디움더강남(201동,주상복합),20억세대수
34세대
동수
총 1동
사용승인일
2021.06
면적
97.04㎡, 9
강남구,역삼동,시티프라디움더강남2차(도시형),-세대수
48세대
동수
총 1동
사용승인일
2022.11
면적
50.65㎡ ~ 72.01㎡, 10
강남구,역삼동,역삼이스타빌,11억 6000~14억 5000세대수
63세대
동수
총 1동
사용승인일
2011.03.08
면적
78.87㎡ ~ 189.53㎡, 19
강남구,역삼동,쎄비앙,-세대수
29세대
동수
총 2동
사용승인일
2007.01.24
면적
90.44㎡ ~ 158.89㎡, 16
강남구,역삼동,역삼하이츠,-세대수
217세대
동수
총 1동
사용승인일
1991.08.09
면적
20.39㎡ ~ 118.7㎡, 23
강남구,역삼동,아이힐2(도시형),-세대수
16세대
동수
총 1동
사용승인일
2016.05.18
면적
35.89㎡ ~ 36.59㎡, 13
강남구,역삼동,에레프(도시형),-세대수
63세대
동수
총 1동
사용승인일
2013.02.14
면적
19.84㎡ ~ 22.77㎡, 5
강남구,역삼동,에벤에셀빌라트,-세대수
19세대
동수
총 1동
사용승인일
2001.12.27
면적
40.05㎡ ~ 164.39㎡, 10
강남구,역삼동,역삼(리츠빌),13억 5000세대수
15세대
동수
총 1동
사용승인일
2003.08.26
면적
61.97㎡ ~ 107.62㎡, 18
강남구,역삼동,역삼2차아이파크,18억~33억세대수
150세대
동수
총 3동
사용승인일
2008.12.02
면적
74.98㎡ ~ 149.58㎡, 6
강남구,역삼동,역삼EG소울리더(도시형),1억 8000~4억 8000세대수
99세대
동수
총 1동
사용승인일
2012.11.30
면적
19.9㎡ ~ 42.95㎡, 11
강남구,역삼동,역삼IPARK,8억 4000~37억세대수
541세대
동수
총 7동
사용승인일
2006.09.28
면적
36.27㎡ ~ 181.03㎡, 3
강남구,역삼동,역삼e-편한세상,21억 9000~30억세대수
840세대
동수
총 12동
사용승인일
2005.12.16
면적
79.52㎡ ~ 108.2㎡, 7
강남구,역삼동,역삼골든베리힐,-세대수
14세대
동수
총 1동
사용승인일
2004.12.13
면적
68.29㎡ ~ 140.46㎡, 16
강남구,역삼동,역삼그린비,-세대수
12세대
동수
총 1동
사용승인일
2004.11.04
면적
97.5㎡ ~ 121.6㎡, 11
강남구,역삼동,역삼노블카운티,-세대수
16세대
동수
총 1동
사용승인일
2003.12.31
면적
90.66㎡ ~ 123.95㎡, 9
강남구,역삼동,역삼더하이브(도시형),-세대수
14세대
동수
총 1동
사용승인일
2019.05
면적
27.33㎡ ~ 69.5㎡, 15
강남구,역삼동,역삼디오빌(주상복합),3억 2000~9억 5000세대수
457세대
동수
총 1동
사용승인일
2002.06.25
면적
39.58㎡ ~ 112.01㎡, 13
강남구,역삼동,역삼디오슈페리움(주상복합),16억 5000~22억세대수
60세대
동수
총 1동
사용승인일
2006.08.28
면적
65.78㎡ ~ 119.11㎡, 3
강남구,역삼동,역삼래미안,19억 5000~28억세대수
1050세대
동수
총 12동
사용승인일
2005.10.26
면적
80.66㎡ ~ 109.4㎡, 5
강남구,역삼동,역삼롯데캐슬노블,29억~31억세대수
117세대
동수
총 2동
사용승인일
2007.02.26
면적
183.02㎡ ~ 283.08㎡, 5
강남구,역삼동,역삼르비앙,15억세대수
12세대
동수
총 1동
사용승인일
2003.11.11
면적
109.11㎡ ~ 167.34㎡, 6
강남구,역삼동,역삼미까사(도시형),-세대수
29세대
동수
총 1동
사용승인일
2013.09.04
면적
30.32㎡ ~ 61.46㎡, 11
강남구,역삼동,역삼브라운스톤,11억세대수
48세대
동수
총 1동
사용승인일
2004.05.28
면적
76.67㎡, 12
강남구,역삼동,역삼센트럴2차아이파크(도시형),-세대수
67세대
동수
총 1동
사용승인일
2022.06
면적
29.77㎡ ~ 46.15㎡, 4
강남구,역삼동,역삼센트럴아이파크,29억~50억세대수
499세대
동수
총 5동
사용승인일
2022.05
면적
79.27㎡ ~ 218.91㎡, 4
강남구,역삼동,역삼엔스위트,13억 5000~15억세대수
24세대
동수
총 2동
사용승인일
2005.01.21
면적
94.32㎡ ~ 120.31㎡, 11
강남구,역삼동,역삼예명,9억 5000~10억세대수
15세대
동수
총 1동
사용승인일
2001.12.01
면적
67.91㎡ ~ 82.96㎡, 15
강남구,역삼동,역삼우성,18억~21억세대수
12세대
동수
총 1동
사용승인일
2005.03.04
면적
123.63㎡, 16
강남구,역삼동,역삼우성빌라트,18억~20억세대수
19세대
동수
총 1동
사용승인일
1996.09.25
면적
143.29㎡ ~ 173.9㎡, 10
강남구,역삼동,역삼우정에쉐르1(주상복합),14억 5000세대수
69세대
동수
총 1동
사용승인일
2004.06.04
면적
55.3㎡ ~ 99.49㎡, 8
강남구,역삼동,역삼우정에쉐르2(주상복합),8억 4000~12억 5000세대수
70세대
동수
총 1동
사용승인일
2004.08.06
면적
51.08㎡ ~ 61.1㎡, 14
강남구,역삼동,역삼우정에쉐르3(주상복합),6억 7000~7억 3000세대수
45세대
동수
총 1동
사용승인일
2004.12.03
면적
47.18㎡ ~ 78.43㎡, 14
강남구,역삼동,역삼월드메르디앙,20억~22억세대수
93세대
동수
총 1동
사용승인일
2005.11.08
면적
102.65㎡ ~ 129.5㎡, 10
강남구,역삼동,역삼이안애,12억~14억 5000세대수
30세대
동수
총 2동
사용승인일
2004.11.03
면적
97.8㎡ ~ 125.67㎡, 14
강남구,역삼동,역삼자이,28억 5000~36억 5000세대수
408세대
동수
총 3동
사용승인일
2016.06.22
면적
88.11㎡ ~ 151.98㎡, 8
강남구,역삼동,역삼카이스,13억 9000~18억세대수
19세대
동수
총 1동
사용승인일
2002.05.11
면적
131.51㎡, 3
강남구,역삼동,역삼칼라,-세대수
19세대
동수
총 1동
사용승인일
2002.09.11
면적
68.73㎡ ~ 141.83㎡, 17
강남구,역삼동,역삼트레벨,5억 6000~5억 9000세대수
45세대
동수
총 1동
사용승인일
2002.04.18
면적
33.48㎡ ~ 36.74㎡, 9
강남구,역삼동,역삼파크빌(도시형),-세대수
19세대
동수
총 1동
사용승인일
2013.12.17
면적
18.82㎡ ~ 42.7㎡,정보 없음
강남구,역삼동,역삼푸르지오,21억 5000~30억세대수
738세대
동수
총 11동
사용승인일
2006.01.02
면적
79.41㎡ ~ 104.4㎡, 5
강남구,역삼동,역삼프라임,-세대수
19세대
동수
총 2동
사용승인일
2005.05.25
면적
137.4㎡ ~ 209.71㎡, 13
강남구,역삼동,역삼프리마빌,14억 5000~15억 5000세대수
19세대
동수
총 1동
사용승인일
2003.09.08
면적
91.9㎡ ~ 211.72㎡, 17
강남구,역삼동,역삼프리우스,15억세대수
27세대
동수
총 2동
사용승인일
2006.06.16
면적
88.16㎡ ~ 104.21㎡, 17
강남구,역삼동,역삼하나빌(주상복합),9억~9억 7000세대수
77세대
동수
총 1동
사용승인일
2002.09.16
면적
38.21㎡ ~ 113.88㎡, 7
강남구,역삼동,역삼한스빌,4억 7000~5억세대수
216세대
동수
총 1동
사용승인일
1996.11.26
면적
45.98㎡ ~ 86㎡, 1
강남구,역삼동,예지인,-세대수
14세대
동수
총 1동
사용승인일
2008.07.18
면적
52.43㎡ ~ 121.45㎡, 9
강남구,역삼동,요진와이시티미니(도시형),1억 9000세대수
91세대
동수
총 1동
사용승인일
2012.06.21
면적
23.1㎡ ~ 33.05㎡, 17
강남구,역삼동,우리집(도시형),-세대수
16세대
동수
총 1동
사용승인일
2016.10.12
면적
19.39㎡ ~ 42.12㎡, 8
강남구,역삼동,우림루미아트(주상복합),2억 2700세대수
84세대
동수
총 2동
사용승인일
2003.03.10
면적
30.29㎡ ~ 30.73㎡, 13
강남구,역삼동,원에디션강남(도시형),-세대수
234세대
동수
총 2동
사용승인일
2024.01
면적
41.95㎡ ~ 77.64㎡, 8
강남구,역삼동,은하수,-세대수
63세대
동수
총 1동
사용승인일
1992.07.14
면적
66.24㎡ ~ 69.99㎡, 9
강남구,역삼동,이지마루역삼(주상복합),4억 9000~5억 2000세대수
28세대
동수
총 1동
사용승인일
2018.11.16
면적
31.96㎡ ~ 34.71㎡, 23
강남구,역삼동,일성(도시형),-세대수
13세대
동수
총 1동
사용승인일
2011.07.12
면적
15.53㎡ ~ 75.57㎡, 7
강남구,역삼동,정원,15억~16억세대수
19세대
동수
총 1동
사용승인일
2004.01.08
면적
108.17㎡ ~ 202.12㎡, 10
강남구,역삼동,조이너스,-세대수
28세대
동수
총 1동
사용승인일
2006.10.09
면적
64.94㎡ ~ 106.51㎡, 11
강남구,역삼동,좋은사람좋은집(도시형),-세대수
26세대
동수
총 1동
사용승인일
2015.07.10
면적
21.75㎡ ~ 134.72㎡, 13
강남구,역삼동,지석천평대,11억~12억세대수
14세대
동수
총 1동
사용승인일
2003.09.30
면적
69.43㎡ ~ 100.59㎡, 7
강남구,역삼동,진넥스빌2(주상복합),2억 2500세대수
56세대
동수
총 1동
사용승인일
2003.04.08
면적
33.29㎡ ~ 42.62㎡, 12
강남구,역삼동,코너스톤(도시형),-세대수
28세대
동수
총 1동
사용승인일
2013.07.01
면적
31.55㎡ ~ 39.82㎡, 18
강남구,역삼동,탑팰리스,-세대수
19세대
동수
총 1동
사용승인일
2004.12.04
면적
59.32㎡ ~ 93.62㎡, 13
강남구,역삼동,테라힐스,-세대수
19세대
동수
총 1동
사용승인일
2010.03.31
면적
71.9㎡ ~ 190.33㎡, 5
강남구,역삼동,테헤란아이파크,25억~30억세대수
411세대
동수
총 6동
사용승인일
2014.01.24
면적
82.91㎡ ~ 147.12㎡, 8
강남구,역삼동,파크앤스위트,-세대수
19세대
동수
총 1동
사용승인일
2003.08.01
면적
88.11㎡ ~ 97.4㎡, 6
강남구,역삼동,포스틸빌라트,9억세대수
12세대
동수
총 1동
사용승인일
2004.09.10
면적
65.6㎡ ~ 81.04㎡, 12
강남구,역삼동,한양럭스,-세대수
18세대
동수
총 1동
사용승인일
2003.09.16
면적
54.38㎡ ~ 157.28㎡, 16
강남구,역삼동,풍성애뜨란(도시형),5억 8000세대수
20세대
동수
총 1동
사용승인일
2018.06.20
면적
31.64㎡ ~ 34.81㎡, 8
강남구,역삼동,현대까르띠에710,35억~47억세대수
137세대
동수
총 3동
사용승인일
2001.11.09
면적
199.67㎡ ~ 295.17㎡, 12
강남구,역삼동,플래티늄,-세대수
19세대
동수
총 1동
사용승인일
2003.05.15
면적
49.86㎡ ~ 121.79㎡, 10
강남구,역삼동,하우스템(도시형),-세대수
23세대
동수
총 1동
사용승인일
2010.07.07
면적
19.99㎡ ~ 31.77㎡, 11
강남구,역삼동,한양럭스,-세대수
18세대
동수
총 1동
사용승인일
2003.09.16
면적
54.38㎡ ~ 157.28㎡, 16
강남구,역삼동,한화진넥스빌(주상복합),3억 2000~6억 5000세대수
294세대
동수
총 1동
사용승인일
2001.01.30
면적
46.78㎡ ~ 68.62㎡, 12
강남구,역삼동,현대까르띠에710,35억~47억세대수
137세대
동수
총 3동
사용승인일
2001.11.09
면적
199.67㎡ ~ 295.17㎡, 12
강남구,역삼동,현대이스트빌,-세대수
12세대
동수
총 1동
사용승인일
1999.06.02
면적
275.49㎡ ~ 275.84㎡, 19
강남구,역삼동,현대트라움,-세대수
14세대
동수
총 1동
사용승인일
2002.06.12
면적
201㎡ ~ 203.69㎡, 11
강남구,역삼동,현대하이츠,14억 5000세대수
12세대
동수
총 1동
사용승인일
2004.09.24
면적
70.66㎡ ~ 124.74㎡, 16
강남구,역삼동,휴먼스빌(도시형),-세대수
14세대
동수
총 1동
사용승인일
2013.09.16
면적
37.59㎡ ~ 47.5㎡, 9
강남구,역삼동,휴먼터치빌(주상복합),2억 8000~5억 2500세대수
160세대
동수
총 1동
사용승인일
1999.06.19
면적
37.85㎡ ~ 52.4㎡, 12
강남구,역삼동,휴먼터치빌(주상복합),-세대수
160세대
동수
총 1동
사용승인일
1999.06.19
면적
0㎡,정보 없음
강남구,율현동,강남한신휴플러스6단지,15억~18억 3000세대수
378세대
동수
총 12동
사용승인일
2015.09.23
면적
85.94㎡ ~ 120.72㎡, 14
강남구,율현동,강남한신휴플러스8단지,20억세대수
169세대
동수
총 11동
사용승인일
2015.09.23
면적
141.18㎡ ~ 157.83㎡, 8
강남구,일원동,가람,22억 7000~25억세대수
496세대
동수
총 13동
사용승인일
1993.03.09
면적
90.35㎡ ~ 100.94㎡, 1
강남구,일원동,개포한신,22억~25억 5000세대수
364세대
동수
총 4동
사용승인일
1984.03.10
면적
87.45㎡ ~ 114.51㎡, 5
강남구,일원동,개포현대4차,20억 5000~22억세대수
142세대
동수
총 1동
사용승인일
1987.02.03
면적
91.6㎡ ~ 106.65㎡, 3
강남구,일원동,골든빌(도시형),-세대수
10세대
동수
총 1동
사용승인일
2020.10.29
면적
35.89㎡ ~ 40.61㎡,정보 없음
강남구,일원동,꿈지을(도시형),-세대수
10세대
동수
총 1동
사용승인일
2021.05.18
면적
16.45㎡ ~ 35.11㎡, 7
강남구,일원동,꿈피엠(도시형),-세대수
10세대
동수
총 1동
사용승인일
2021.04.21
면적
16.1㎡ ~ 34.69㎡, 7
강남구,일원동,디에이치자이개포,32억~45억세대수
1996세대
동수
총 15동
사용승인일
2021.07.30
면적
81.76㎡ ~ 226.11㎡, 1
강남구,일원동,디에이치포레센트,23억 5000~35억세대수
184세대
동수
총 4동
사용승인일
2021.01
면적
80.62㎡ ~ 149.89㎡, 2
강남구,일원동,래미안개포루체하임,23억~43억세대수
850세대
동수
총 12동
사용승인일
2018.11.21
면적
86.17㎡ ~ 215.53㎡, 3
강남구,일원동,목련타운,23억 8000~28억세대수
650세대
동수
총 8동
사용승인일
1993.09.25
면적
121.11㎡ ~ 158.71㎡, 2
강남구,일원동,삼성사원,21억 8000~22억세대수
80세대
동수
총 4동
사용승인일
1986.11.28
면적
77.27㎡ ~ 103.57㎡, 3
강남구,일원동,상록수,23억 5000~28억세대수
740세대
동수
총 22동
사용승인일
1993.03.27
면적
90.12㎡ ~ 101.4㎡, 3
강남구,일원동,샘터마을,26억~38억세대수
628세대
동수
총 9동
사용승인일
1994.02.14
면적
119.77㎡ ~ 179.36㎡, 6
강남구,일원동,수서1-2단지,10억 7000~16억 5000세대수
720세대
동수
총 7동
사용승인일
1992.11.26
면적
58.75㎡ ~ 88.11㎡, 3
강남구,일원동,우성7차,22억~25억 5000세대수
802세대
동수
총 15동
사용승인일
1987.12.11
면적
76.5㎡ ~ 105.58㎡, 5
강남구,일원동,청솔빌리지,19억~22억세대수
291세대
동수
총 13동
사용승인일
1993.12.13
면적
79.81㎡, 3
강남구,일원동,푸른마을,16억 5000~22억세대수
930세대
동수
총 11동
사용승인일
1994.01.27
면적
82.14㎡ ~ 103.49㎡, 8
강남구,자곡동,LH강남8단지(도시형),13억~14억세대수
96세대
동수
총 12동
사용승인일
2013.11.13
면적
81.41㎡ ~ 81.62㎡, 1
강남구,자곡동,LH강남브리즈힐,12억 5000~15억세대수
402세대
동수
총 13동
사용승인일
2014.10.30
면적
102.4㎡ ~ 117.53㎡, 14
강남구,자곡동,LH강남아이파크,15억 5000~16억세대수
716세대
동수
총 10동
사용승인일
2014.10.02
면적
81.53㎡ ~ 115.52㎡, 2
강남구,자곡동,LH강남힐스테이트,11억~18억세대수
1339세대
동수
총 5동
사용승인일
2015.06.02
면적
73.91㎡ ~ 120.05㎡, 4
강남구,자곡동,강남한양수자인,16억 5000~23억 5000세대수
1304세대
동수
총 26동
사용승인일
2014.03.14
면적
81.64㎡ ~ 154.34㎡, 4
강남구,자곡동,래미안강남힐즈,21억~30억세대수
1020세대
동수
총 20동
사용승인일
2014.06.27
면적
118.8㎡ ~ 132.06㎡, 6
강남구,자곡동,래미안포레,18억~19억 5000세대수
1070세대
동수
총 15동
사용승인일
2014.03.13
면적
85.07㎡ ~ 141.4㎡, 1
강남구,자곡동,수서역세권A3블록신혼희망타운,-세대수
597세대
동수
총 8동
사용승인일
2023.01
면적
72.78㎡ ~ 86.77㎡,정보 없음
강남구,청담동,LG,-세대수
11세대
동수
총 1동
사용승인일
1998.05.04
면적
263.42㎡, 5
강남구,청담동,PH129,90억~150억세대수
29세대
동수
총 1동
사용승인일
2020.08.12
면적
332.88㎡ ~ 495.42㎡, 15
강남구,청담동,T.S.,-세대수
8세대
동수
총 1동
사용승인일
1998.07.03
면적
176.7㎡ ~ 222.06㎡, 5
강남구,청담동,강변상지리츠빌,-세대수
12세대
동수
총 1동
사용승인일
2001.06.30
면적
166.36㎡ ~ 196.23㎡, 9
강남구,청담동,건영,30억~40억세대수
240세대
동수
총 2동
사용승인일
1994.09.05
면적
104.51㎡ ~ 105.06㎡, 13
강남구,청담동,골든아트빌(주상복합),-세대수
19세대
동수
총 1동
사용승인일
2000.06.01
면적
173.52㎡ ~ 201.9㎡, 2
강남구,청담동,구산,17억~23억 5000세대수
37세대
동수
총 1동
사용승인일
1993.11.26
면적
75.06㎡ ~ 144.54㎡, 15
강남구,청담동,뉴현대리버빌,35억세대수
15세대
동수
총 1동
사용승인일
1996.12.20
면적
144.04㎡ ~ 201.03㎡, 11
강남구,청담동,대우로얄카운티II,50억세대수
13세대
동수
총 1동
사용승인일
2002.04.01
면적
235.03㎡ ~ 263.21㎡, 3
강남구,청담동,대우로얄카운티III,50억~52억세대수
19세대
동수
총 1동
사용승인일
2003.01.22
면적
261.83㎡ ~ 300.19㎡, 4
강남구,청담동,대우로얄카운티V,50억세대수
12세대
동수
총 1동
사용승인일
2003.07.18
면적
244.85㎡ ~ 276.67㎡, 15
강남구,청담동,대우리츠카운티,39억~40억세대수
19세대
동수
총 1동
사용승인일
2001.10.08
면적
179.45㎡ ~ 280.25㎡, 6
강남구,청담동,대우멤버스카운티Ⅱ,23억~25억세대수
17세대
동수
총 1동
사용승인일
2003.06.03
면적
152.57㎡ ~ 173.95㎡, 14
강남구,청담동,더리버스청담(주상복합),-세대수
12세대
동수
총 1동
사용승인일
2019.01.18
면적
49.5㎡, 11
강남구,청담동,더헤리움(A동,도시형),-세대수
10세대
동수
총 1동
사용승인일
2017.04.14
면적
48.68㎡ ~ 68.97㎡, 14
강남구,청담동,더헤리움(B동),10억 9900~11억세대수
8세대
동수
총 1동
사용승인일
2017.06.21
면적
40.64㎡ ~ 57.87㎡, 16
강남구,청담동,동궁빌리지,-세대수
16세대
동수
총 1동
사용승인일
1993.11.26
면적
139.29㎡ ~ 147.77㎡, 7
강남구,청담동,두산,58억~65억세대수
12세대
동수
총 1동
사용승인일
1996.06.11
면적
235.35㎡ ~ 245.52㎡, 3
강남구,청담동,디아트(주상복합),-세대수
16세대
동수
총 1동
사용승인일
2014.07.10
면적
150.68㎡, 8
강남구,청담동,라테라스청담(도시형),3억 4000~8억세대수
88세대
동수
총 1동
사용승인일
2018.10.12
면적
26.86㎡ ~ 60.22㎡, 9
강남구,청담동,마크힐스1,2단지,63억~125억세대수
38세대
동수
총 2동
사용승인일
2010.07.02
면적
260.18㎡ ~ 388.14㎡, 11
강남구,청담동,목화,30억~35억세대수
19세대
동수
총 1동
사용승인일
1995.01.25
면적
149.56㎡ ~ 260.04㎡, 8
강남구,청담동,빌폴라리스,55억세대수
19세대
동수
총 1동
사용승인일
2009.10.26
면적
203.81㎡, 13
강남구,청담동,삼성청담공원,17억 8000~27억세대수
391세대
동수
총 8동
사용승인일
1999.08.30
면적
81.95㎡ ~ 132.18㎡, 13
강남구,청담동,삼익,33억~41억세대수
888세대
동수
총 12동
사용승인일
1980.04.29
면적
113.17㎡ ~ 174.35㎡, 1
강남구,청담동,삼호,39억세대수
45세대
동수
총 3동
사용승인일
1997.06.02
면적
192.43㎡ ~ 256.11㎡, 6
강남구,청담동,삼환,14억~19억세대수
184세대
동수
총 1동
사용승인일
1999.11.30
면적
40.47㎡ ~ 148.99㎡, 4
강남구,청담동,상지리츠빌10차,38억세대수
17세대
동수
총 1동
사용승인일
2007.09.21
면적
174.04㎡ ~ 203.87㎡, 5
강남구,청담동,상지리츠빌5차,30억~40억세대수
52세대
동수
총 3동
사용승인일
2001.02.21
면적
150㎡ ~ 263.51㎡, 10
강남구,청담동,상지리츠빌5차,30억~40억세대수
52세대
동수
총 3동
사용승인일
2001.02.21
면적
150㎡ ~ 263.51㎡, 10
강남구,청담동,상지리츠빌6차,-세대수
19세대
동수
총 1동
사용승인일
2002.02.02
면적
168.21㎡ ~ 256.07㎡, 7
강남구,청담동,상지리츠빌9차,40억세대수
12세대
동수
총 1동
사용승인일
2004.04.01
면적
196.02㎡ ~ 219.25㎡, 5
강남구,청담동,상지리츠빌카일룸2차,85억~90억세대수
15세대
동수
총 1동
사용승인일
2006.08.25
면적
281.6㎡, 14
강남구,청담동,상지리츠빌카일룸3차,-세대수
19세대
동수
총 1동
사용승인일
2009.07.14
면적
248㎡ ~ 345.79㎡, 14
강남구,청담동,상지카일룸,-세대수
17세대
동수
총 1동
사용승인일
2003.12.15
면적
272.71㎡ ~ 305.46㎡, 14
강남구,청담동,신동아,25억~27억세대수
106세대
동수
총 1동
사용승인일
1997.02.20
면적
103.81㎡, 5
강남구,청담동,씨티3차,35억세대수
19세대
동수
총 1동
사용승인일
1996.01.27
면적
166.54㎡ ~ 263.9㎡, 7
강남구,청담동,아노스카운티빌라트,-세대수
5세대
동수
총 1동
사용승인일
2003.07.16
면적
183.2㎡ ~ 252.08㎡, 7
강남구,청담동,아노스카운티빌라트,-세대수
5세대
동수
총 1동
사용승인일
2003.07.16
면적
183.2㎡ ~ 252.08㎡, 7
강남구,청담동,에비뉴나인티(도시형),15억 3800~16억 8000세대수
28세대
동수
총 1동
사용승인일
2020.09.18
면적
65.85㎡ ~ 68.31㎡, 7
강남구,청담동,에테르노청담,-세대수
29세대
동수
총 1동
사용승인일
2023.12
면적
344.54㎡ ~ 1168.21㎡, 9
강남구,청담동,연세2차,30억세대수
13세대
동수
총 1동
사용승인일
1997.12.13
면적
147.69㎡, 5
강남구,청담동,연세리버빌,-세대수
19세대
동수
총 1동
사용승인일
1997.02.03
면적
266.58㎡ ~ 275.19㎡, 5
강남구,청담동,연세리버빌3차,55억세대수
19세대
동수
총 1동
사용승인일
1999.01.11
면적
226.86㎡ ~ 263.82㎡, 5
강남구,청담동,연세리버테라스,-세대수
19세대
동수
총 1동
사용승인일
2003.03.04
면적
269.49㎡ ~ 271.12㎡, 3
강남구,청담동,연세힐하우스I,32억~35억세대수
18세대
동수
총 1동
사용승인일
2003.12.02
면적
120.7㎡ ~ 211.2㎡, 4
강남구,청담동,이니그마빌II,-세대수
16세대
동수
총 1동
사용승인일
2002.11.27
면적
278.58㎡ ~ 330.8㎡, 5
강남구,청담동,우성,-세대수
25세대
동수
총 1동
사용승인일
2005.01.31
면적
74.11㎡ ~ 131.09㎡, 4
강남구,청담동,이니그마빌II,-세대수
16세대
동수
총 1동
사용승인일
2002.11.27
면적
278.58㎡ ~ 330.8㎡, 5
강남구,청담동,이니그마빌Ⅰ,50억세대수
14세대
동수
총 1동
사용승인일
2001.03.29
면적
271.08㎡ ~ 271.22㎡, 5
강남구,청담동,진흥,27억~40억세대수
375세대
동수
총 4동
사용승인일
1984.07.18
면적
107.19㎡ ~ 180.67㎡, 9
강남구,청담동,청담CJ빌리지,26억~27억세대수
11세대
동수
총 1동
사용승인일
2004.04.16
면적
171.37㎡ ~ 172.62㎡, 7
강남구,청담동,청담e-편한세상2차(204동),-세대수
41세대
동수
총 1동
사용승인일
2005.12.22
면적
96.9㎡ ~ 174.43㎡, 1
강남구,청담동,청담e-편한세상2차,23억~24억세대수
142세대
동수
총 3동
사용승인일
2006.04.27
면적
103.39㎡ ~ 193.59㎡, 1
강남구,청담동,청담e-편한세상2차(204동),-세대수
41세대
동수
총 1동
사용승인일
2005.12.22
면적
96.9㎡ ~ 174.43㎡, 1
강남구,청담동,청담e-편한세상2차(205동),-세대수
41세대
동수
총 1동
사용승인일
2006.12.01
면적
96.52㎡ ~ 144.98㎡, 2
강남구,청담동,청담e-편한세상3차,21억 3000~22억세대수
49세대
동수
총 1동
사용승인일
2007.11.29
면적
89.48㎡ ~ 180.14㎡, 2
강남구,청담동,청담e-편한세상4차,22억 8000~35억세대수
94세대
동수
총 2동
사용승인일
2011.02.10
면적
106.23㎡ ~ 160.85㎡, 3
강남구,청담동,청담갤러리파크,-세대수
6세대
동수
총 1동
사용승인일
2017.03.10
면적
197.44㎡ ~ 266.27㎡, 13
강남구,청담동,청담그랑빌(주상복합),-세대수
19세대
동수
총 1동
사용승인일
2004.11.05
면적
87.18㎡ ~ 125.21㎡, 9
강남구,청담동,청담대우로얄카운티6차,34억세대수
12세대
동수
총 1동
사용승인일
2005.09.16
면적
179.25㎡ ~ 206.49㎡, 1
강남구,청담동,청담대우로얄카운티Ⅰ,47억세대수
17세대
동수
총 1동
사용승인일
1999.10.13
면적
236.98㎡ ~ 265.13㎡, 5
강남구,청담동,청담대우멤버스카운티10차,-세대수
15세대
동수
총 1동
사용승인일
2004.05.14
면적
151.64㎡ ~ 185.42㎡, 9
강남구,청담동,청담대우멤버스카운티11차,29억~32억세대수
18세대
동수
총 1동
사용승인일
2004.04.24
면적
156.01㎡ ~ 183.28㎡, 10
강남구,청담동,청담대우멤버스카운티V,-세대수
19세대
동수
총 1동
사용승인일
2003.07.08
면적
170.31㎡ ~ 185.53㎡, 8
강남구,청담동,청담대우멤버스카운티9차,-세대수
10세대
동수
총 1동
사용승인일
2004.04.21
면적
97.09㎡ ~ 136.45㎡, 9
강남구,청담동,청담대우멤버스카운티V,-세대수
19세대
동수
총 1동
사용승인일
2003.07.08
면적
170.31㎡ ~ 185.53㎡, 8
강남구,청담동,청담대우멤버스카운티VI,-세대수
19세대
동수
총 2동
사용승인일
2004.04.23
면적
162.15㎡ ~ 213.86㎡, 9
강남구,청담동,청담대우멤버스카운티Vll,-세대수
19세대
동수
총 2동
사용승인일
2004.04.16
면적
158.89㎡ ~ 187.69㎡, 9
강남구,청담동,청담대우멤버스카운티XII,-세대수
16세대
동수
총 1동
사용승인일
2004.12.10
면적
148.44㎡ ~ 213.71㎡, 9
강남구,청담동,청담대우멤버스카운티Ⅲ,30억세대수
19세대
동수
총 1동
사용승인일
2003.06.13
면적
165.88㎡ ~ 181.8㎡, 8
강남구,청담동,청담대우유로카운티,23억 5000~35억세대수
196세대
동수
총 4동
사용승인일
2004.04.22
면적
99.92㎡ ~ 213.46㎡, 11
강남구,청담동,청담래미안로이뷰,27억~40억세대수
177세대
동수
총 1동
사용승인일
2014.01.24
면적
136.11㎡, 10
강남구,청담동,청담디에브스,17억세대수
18세대
동수
총 1동
사용승인일
2017.08.09
면적
60.24㎡ ~ 152.35㎡, 11
강남구,청담동,청담래미안로이뷰,27억~40억세대수
177세대
동수
총 1동
사용승인일
2014.01.24
면적
136.11㎡, 10
강남구,청담동,청담린든그로브,37억~38억세대수
114세대
동수
총 5동
사용승인일
2017.08.29
면적
114.36㎡ ~ 277.45㎡, 12
강남구,청담동,청담마크노빌,-세대수
12세대
동수
총 1동
사용승인일
2008.06.24
면적
292.02㎡ ~ 357.49㎡, 6
강남구,청담동,청담범신칼릭스빌,25억세대수
18세대
동수
총 1동
사용승인일
2006.05.01
면적
104.55㎡, 10
강남구,청담동,청담범신칼릭스빌2차,30억~33억세대수
18세대
동수
총 1동
사용승인일
2007.05.04
면적
121.47㎡, 11
강남구,청담동,청담범신칼릭스빌3차,-세대수
12세대
동수
총 1동
사용승인일
2011.12.12
면적
55.78㎡ ~ 55.82㎡, 9
강남구,청담동,청담브르넨,70억~130억세대수
8세대
동수
총 1동
사용승인일
2019.10.11
면적
204.36㎡ ~ 257.62㎡, 5
강남구,청담동,청담삼성,-세대수
16세대
동수
총 2동
사용승인일
1998.02.04
면적
145.21㎡ ~ 197.39㎡, 13
강남구,청담동,청담삼성1차,16억 5000~20억세대수
158세대
동수
총 1동
사용승인일
1997.12.19
면적
79.1㎡ ~ 112.37㎡, 3
강남구,청담동,청담삼성3차,-세대수
217세대
동수
총 2동
사용승인일
1999.10.29
면적
86.34㎡ ~ 163.55㎡, 4
강남구,청담동,청담스위트(도시형),2억 2500~2억 6000세대수
124세대
동수
총 1동
사용승인일
2015.03.30
면적
19.28㎡ ~ 22.62㎡, 4
강남구,청담동,청담상지리츠빌7차,-세대수
10세대
동수
총 1동
사용승인일
2003.04.07
면적
215.78㎡, 3
강남구,청담동,청담상지리츠빌8차,-세대수
18세대
동수
총 2동
사용승인일
2003.11.28
면적
207.8㎡ ~ 294.23㎡, 7
강남구,청담동,청담스위트(도시형),2억 2500~2억 6000세대수
124세대
동수
총 1동
사용승인일
2015.03.30
면적
19.28㎡ ~ 22.62㎡, 4
강남구,청담동,청담스테이,6억 3500~9억 2000세대수
16세대
동수
총 1동
사용승인일
2018.02.06
면적
30.26㎡ ~ 33.83㎡, 4
강남구,청담동,청담신동아빌라트,-세대수
18세대
동수
총 1동
사용승인일
1995.07.28
면적
183.75㎡ ~ 239.63㎡, 1
강남구,청담동,청담신원아침도시마인(도시형),3억 3000~8억 5000세대수
89세대
동수
총 1동
사용승인일
2013.09.17
면적
34.92㎡ ~ 71.31㎡, 7
강남구,청담동,청담아르지움(도시형),4억 7000~13억 8000세대수
29세대
동수
총 1동
사용승인일
2015.02.24
면적
24.74㎡ ~ 67.93㎡, 4
강남구,청담동,청담아이파크,31억~45억세대수
108세대
동수
총 1동
사용승인일
2014.02.21
면적
137.01㎡ ~ 137.11㎡, 12
강남구,청담동,청담어퍼하우스,66억~68억세대수
18세대
동수
총 1동
사용승인일
2019.11.07
면적
225.49㎡ ~ 313.26㎡, 10
강남구,청담동,청담연세파크빌,-세대수
18세대
동수
총 1동
사용승인일
1999.09.16
면적
264.25㎡ ~ 266.66㎡, 15
강남구,청담동,청담영풍마드레빌,21억세대수
49세대
동수
총 1동
사용승인일
2003.10.29
면적
103.39㎡ ~ 147.24㎡, 1
강남구,청담동,청담우방,17억~21억세대수
100세대
동수
총 1동
사용승인일
1999.10.29
면적
83.51㎡ ~ 149.27㎡, 2
강남구,청담동,청담자이,22억~40억세대수
708세대
동수
총 5동
사용승인일
2012.03.23
면적
70.8㎡ ~ 120.58㎡, 8
강남구,청담동,청담파라곤Ⅱ 1단지,40억~45억세대수
18세대
동수
총 1동
사용승인일
2010.04.26
면적
174.06㎡ ~ 291.05㎡, 2
강남구,청담동,청담파라곤Ⅱ 2단지,-세대수
17세대
동수
총 2동
사용승인일
2010.04.26
면적
164.82㎡ ~ 254.27㎡, 3
강남구,청담동,청담파크빌,-세대수
10세대
동수
총 1동
사용승인일
2004.01.16
면적
71.28㎡ ~ 93.49㎡, 7
강남구,청담동,청담포레,-세대수
11세대
동수
총 1동
사용승인일
2000.09.15
면적
185.55㎡ ~ 267.54㎡, 15
강남구,청담동,청담현대3차,22억~37억세대수
317세대
동수
총 4동
사용승인일
1999.06.19
면적
91.43㎡ ~ 142.19㎡, 11
강남구,청담동,청담현대빌라트,-세대수
16세대
동수
총 1동
사용승인일
1998.11.30
면적
179.8㎡ ~ 196.53㎡, 6
강남구,청담동,청담휴먼스타빌,8억 4000~10억 5000세대수
191세대
동수
총 1동
사용승인일
2005.10.21
면적
48.42㎡ ~ 258.36㎡, 7
강남구,청담동,청담힐,-세대수
30세대
동수
총 2동
사용승인일
1997.04.29
면적
171.61㎡ ~ 227.31㎡, 6
강남구,청담동,퍼즐하우스,-세대수
15세대
동수
총 1동
사용승인일
2006.08.21
면적
70.35㎡ ~ 343.66㎡, 6
강남구,청담동,하우스에딘브로우,30억세대수
16세대
동수
총 2동
사용승인일
2004.10.25
면적
183.11㎡, 1
강남구,청담동,한신오페라하우스,21억 5000~30억세대수
63세대
동수
총 2동
사용승인일
2003.11.14
면적
101.53㎡ ~ 160.24㎡, 1
강남구,청담동,한신오페라하우스2차,-세대수
42세대
동수
총 1동
사용승인일
2005.11.18
면적
108.53㎡ ~ 177.62㎡, 1
강남구,청담동,헤스티아,-세대수
4세대
동수
총 1동
사용승인일
2012.11.26
면적
135.91㎡ ~ 184.03㎡, 14
강남구,청담동,현대(43-1),-세대수
19세대
동수
총 1동
사용승인일
1992.06.11
면적
166.51㎡ ~ 174.24㎡, 2
강남구,청담동,현대1차,26억세대수
96세대
동수
총 2동
사용승인일
1983.12.28
면적
103.32㎡ ~ 172.47㎡, 12
강남구,청담동,현대2차,20억 5000~21억세대수
214세대
동수
총 2동
사용승인일
1988.05.30
면적
97.75㎡ ~ 97.9㎡, 7
강남구,청담동,현대한강,-세대수
18세대
동수
총 1동
사용승인일
1992.06.23
면적
156.58㎡ ~ 204.25㎡, 8
강남구,청담동,호원,50억세대수
12세대
동수
총 1동
사용승인일
1999.12.07
면적
276.4㎡ ~ 276.66㎡, 3
강남구,청담동,효성청담101,-세대수
35세대
동수
총 2동
사용승인일
2019.03.29
면적
256.96㎡ ~ 315.31㎡, 3
강남구,청담동,효성청담101 2차,79억~82억세대수
28세대
동수
총 1동
사용승인일
2022.03.31
면적
226.93㎡ ~ 289.61㎡, 2
강남구,청담동,흥화(청담매스터빌),-세대수
19세대
동수
총 1동
사용승인일
1994.09.06
면적
204.09㎡ ~ 274.11㎡, 2
강동구,강일동,강동리버스트4단지,-세대수
1239세대
동수
총 10동
사용승인일
2020.08
면적
73.45㎡ ~ 87.85㎡, 1
강동구,강일동,강동리버스트8단지,-세대수
946세대
동수
총 12동
사용승인일
2021.02
면적
72.14㎡ ~ 86.91㎡, 9
강동구,강일동,강일리버파크10단지,11억~16억세대수
694세대
동수
총 12동
사용승인일
2009.04.06
면적
109.49㎡ ~ 142.14㎡, 2
강동구,강일동,강일리버파크1단지,10억 5000~11억 7000세대수
282세대
동수
총 7동
사용승인일
2009.03.11
면적
82.58㎡ ~ 111.57㎡, 11
강동구,강일동,강일리버파크2단지,11억~12억 5000세대수
442세대
동수
총 9동
사용승인일
2009.03.11
면적
110.04㎡ ~ 111.05㎡, 7
강동구,강일동,강일리버파크3단지,10억 5000~13억세대수
987세대
동수
총 13동
사용승인일
2009.03.11
면적
82.04㎡ ~ 110.62㎡, 5
강동구,강일동,강일리버파크4단지,11억~13억 5000세대수
748세대
동수
총 10동
사용승인일
2009.03.11
면적
109.92㎡ ~ 110.8㎡, 3
강동구,강일동,강일리버파크5단지,10억 7000~13억세대수
722세대
동수
총 9동
사용승인일
2009.07.13
면적
82.07㎡ ~ 110.87㎡, 3
강동구,강일동,강일리버파크6단지,11억 2000~13억 5000세대수
553세대
동수
총 10동
사용승인일
2009.03.11
면적
109.89㎡ ~ 110.77㎡, 4
강동구,강일동,강일리버파크7단지,10억 5000~12억 5000세대수
731세대
동수
총 11동
사용승인일
2009.06.09
면적
82.14㎡ ~ 110.82㎡, 1
강동구,강일동,강일리버파크8단지,10억 7500~12억세대수
410세대
동수
총 9동
사용승인일
2009.03.11
면적
110.82㎡ ~ 111.7㎡, 6
강동구,강일동,강일리버파크9단지,12억~13억세대수
841세대
동수
총 13동
사용승인일
2009.04.06
면적
110.83㎡ ~ 111.11㎡, 2
강동구,강일동,고덕리엔파크1단지,13억 5000~18억세대수
605세대
동수
총 9동
사용승인일
2011.01.14
면적
80.15㎡ ~ 152.6㎡, 9
강동구,강일동,고덕리엔파크2단지,10억~17억 5000세대수
636세대
동수
총 11동
사용승인일
2011.01.14
면적
78.75㎡ ~ 149.89㎡, 6
강동구,강일동,힐스테이트리슈빌강일,-세대수
809세대
동수
총 7동
사용승인일
2023.09
면적
109.23㎡ ~ 132.3㎡,정보 없음
강동구,고덕동,고덕강일제일풍경채,-세대수
780세대
동수
총 6동
사용승인일
2024.01
면적
115.87㎡ ~ 142.22㎡,정보 없음
강동구,고덕동,고덕그라시움,13억~33억세대수
4932세대
동수
총 53동
사용승인일
2019.09.27
면적
82.36㎡ ~ 243.62㎡, 3
강동구,고덕동,고덕래미안힐스테이트,13억 9000~32억세대수
3658세대
동수
총 51동
사용승인일
2016.12.29
면적
82.55㎡ ~ 263.29㎡, 8
강동구,고덕동,고덕센트럴푸르지오(주상복합),11억 6500~14억 8000세대수
656세대
동수
총 4동
사용승인일
2020.08.20
면적
61.71㎡ ~ 119.2㎡, 11
강동구,고덕동,고덕아이파크,13억 3000~25억세대수
1142세대
동수
총 14동
사용승인일
2011.12.28
면적
85.07㎡ ~ 215.88㎡, 1
강동구,고덕동,대우,13억~14억세대수
99세대
동수
총 2동
사용승인일
1986.05.14
면적
101.64㎡ ~ 117.58㎡, 4
강동구,고덕동,배재현대,10억 5000~15억세대수
448세대
동수
총 4동
사용승인일
1995.11.30
면적
95.87㎡ ~ 119.01㎡, 4
강동구,고덕동,아남,9억 2000~15억세대수
807세대
동수
총 8동
사용승인일
1996.03.29
면적
60.95㎡ ~ 103.1㎡, 2
강동구,길동,GS강동자이,13억 2000~20억세대수
596세대
동수
총 12동
사용승인일
2003.11.12
면적
104.46㎡ ~ 172.42㎡, 4
강동구,길동,M.프라자,6억 7000세대수
28세대
동수
총 2동
사용승인일
2004.10.06
면적
33.69㎡ ~ 94.86㎡, 6
강동구,길동,SM드림빌,-세대수
39세대
동수
총 1동
사용승인일
2002.11.22
면적
71.36㎡ ~ 102.96㎡, 6
강동구,길동,SM베스트빌,9억 5000세대수
19세대
동수
총 1동
사용승인일
2001.09.19
면적
150.87㎡ ~ 152.55㎡, 4
강동구,길동,SM해그린12차,8억 3000~9억 5000세대수
47세대
동수
총 1동
사용승인일
2006.08.03
면적
41.25㎡ ~ 102.91㎡, 3
강동구,길동,e편한세상강동에코포레,11억 5000~16억세대수
366세대
동수
총 6동
사용승인일
2020.04
면적
74.85㎡ ~ 110.52㎡, 4
강동구,길동,강남팰리스(326-1,도시형),-세대수
10세대
동수
총 1동
사용승인일
2020.01.16
면적
47.86㎡ ~ 55.26㎡, 8
강동구,길동,강동QV1차(도시형),1억 500~1억 1000세대수
91세대
동수
총 1동
사용승인일
2013.02.28
면적
24.58㎡, 11
강동구,길동,강동디앤써밋(도시형),3억 5000~4억세대수
40세대
동수
총 2동
사용승인일
2019.05
면적
24.15㎡ ~ 24.65㎡, 12
강동구,길동,강동렘브란트(도시형),1억 2000~1억 3500세대수
89세대
동수
총 1동
사용승인일
2014.02.05
면적
26.23㎡, 12
강동구,길동,강동시가오c,-세대수
36세대
동수
총 2동
사용승인일
2004.05.28
면적
59.37㎡ ~ 97.03㎡, 9
강동구,길동,강동역SK허브(주상복합),9억 5000~12억세대수
94세대
동수
총 1동
사용승인일
2006.12.29
면적
76.26㎡ ~ 127.26㎡, 9
강동구,길동,강동와이시티(도시형),1억 1900세대수
216세대
동수
총 1동
사용승인일
2014.01.28
면적
23.33㎡ ~ 23.36㎡, 9
강동구,길동,강동중앙하이츠시티(도시형),-세대수
96세대
동수
총 1동
사용승인일
2024.04
면적
50.82㎡ ~ 60.52㎡, 7
강동구,길동,강동큐브2차(도시형),1억 1000~1억 2000세대수
236세대
동수
총 1동
사용승인일
2013.04.30
면적
19.98㎡ ~ 24.13㎡, 8
강동구,길동,강동팰리스(228-5,도시형),-세대수
20세대
동수
총 2동
사용승인일
2016.07.22
면적
28.24㎡ ~ 65.39㎡, 7
강동구,길동,강동한신휴플러스(주상복합),9억세대수
124세대
동수
총 1동
사용승인일
2006.11.21
면적
98.13㎡ ~ 110.85㎡, 9
강동구,길동,경지아리움(주상복합),2억 1500~3억 5000세대수
124세대
동수
총 1동
사용승인일
2019.06.19
면적
21.62㎡ ~ 41.43㎡, 10
강동구,길동,골드빌4차(주상복합),-세대수
19세대
동수
총 1동
사용승인일
2004.04.21
면적
94.94㎡, 4
강동구,길동,골드클래스(주상복합),8억세대수
29세대
동수
총 1동
사용승인일
2022.02
면적
74.55㎡ ~ 75.62㎡,정보 없음
강동구,길동,골든빌,6억 8000~7억 5000세대수
19세대
동수
총 1동
사용승인일
2004.05.04
면적
103.46㎡ ~ 214.78㎡, 4
강동구,길동,광남(355-2),7억 5000세대수
18세대
동수
총 1동
사용승인일
2004.01.17
면적
89.64㎡ ~ 99.44㎡, 3
강동구,길동,광남(380-18),6억 9000~7억세대수
32세대
동수
총 2동
사용승인일
2003.10.16
면적
80.31㎡ ~ 99.47㎡, 6
강동구,길동,광남벨라스(주상복합),6억 9500~10억 2000세대수
42세대
동수
총 1동
사용승인일
2004.04.13
면적
82.96㎡ ~ 106.64㎡, 5
강동구,길동,광남캐스빌(247),-세대수
59세대
동수
총 1동
사용승인일
2006.11.08
면적
102.48㎡ ~ 109.86㎡, 10
강동구,길동,광남캐스빌(389-9,주상복합),8억 8000세대수
28세대
동수
총 1동
사용승인일
2005.05.17
면적
71.43㎡ ~ 109.58㎡, 8
강동구,길동,광남캐스빌(396-1),-세대수
28세대
동수
총 1동
사용승인일
2002.12.31
면적
59.12㎡ ~ 99.19㎡, 4
강동구,길동,광남캐스빌610V,-세대수
17세대
동수
총 1동
사용승인일
2003.06.09
면적
53.77㎡ ~ 95.52㎡, 6
강동구,길동,기풍트윈빌(도시형),-세대수
29세대
동수
총 2동
사용승인일
2015.12.09
면적
32.38㎡ ~ 68.52㎡, 3
강동구,길동,길동다성이즈빌(도시형),-세대수
15세대
동수
총 1동
사용승인일
2013.08.31
면적
22.41㎡ ~ 37.11㎡, 5
강동구,길동,길동대상,6억 9000~11억 9700세대수
80세대
동수
총 1동
사용승인일
1999.03.26
면적
79.76㎡ ~ 153.04㎡, 6
강동구,길동,길동신동아4차,8억 3000~9억 5000세대수
95세대
동수
총 1동
사용승인일
1999.11.26
면적
41.01㎡ ~ 117.71㎡, 3
강동구,길동,길동쎈스빌(주상복합),7억 5000~7억 8000세대수
19세대
동수
총 1동
사용승인일
2004.03.29
면적
99.17㎡ ~ 99.43㎡, 5
강동구,길동,길동예전이룸1차,-세대수
62세대
동수
총 1동
사용승인일
2004.12.08
면적
65.24㎡ ~ 92.95㎡, 8
강동구,길동,길동예전이룸2차,7억 2000세대수
64세대
동수
총 1동
사용승인일
2004.12.08
면적
63.01㎡ ~ 129.28㎡, 9
강동구,길동,길동우성,7억~13억세대수
811세대
동수
총 6동
사용승인일
1994.10.29
면적
54.87㎡ ~ 108.45㎡, 1
강동구,길동,길동이룸3차,8억 3000세대수
38세대
동수
총 1동
사용승인일
2005.06.03
면적
60.26㎡ ~ 107.46㎡, 3
강동구,길동,길동청광플러스원큐브1차(도시형),1억 1000~1억 2000세대수
112세대
동수
총 1동
사용승인일
2012.11.21
면적
25.05㎡ ~ 25.63㎡, 7
강동구,길동,길동하나플러스,8억 9000~9억 5000세대수
68세대
동수
총 1동
사용승인일
2004.09.03
면적
102.02㎡ ~ 103.2㎡, 5
강동구,길동,노블레스,7억 1000세대수
19세대
동수
총 1동
사용승인일
2004.03.16
면적
97.1㎡ ~ 171.95㎡, 3
강동구,길동,다성이즈빌(324-6),-세대수
13세대
동수
총 1동
사용승인일
2005.08.01
면적
97.66㎡, 7
강동구,길동,다성이즈빌(348-4),10억 5000세대수
28세대
동수
총 1동
사용승인일
2008.01.22
면적
58.22㎡ ~ 128.04㎡, 6
강동구,길동,다성이즈빌(357-7),-세대수
18세대
동수
총 1동
사용승인일
2006.08.29
면적
113.45㎡ ~ 171.12㎡, 4
강동구,길동,다성이즈빌(371-9),-세대수
47세대
동수
총 1동
사용승인일
2003.12.02
면적
84.27㎡ ~ 103.45㎡, 1
강동구,길동,다성이즈빌(387-2,주상복합),-세대수
28세대
동수
총 1동
사용승인일
2019.06.19
면적
18.01㎡ ~ 28.7㎡, 6
강동구,길동,다성이즈빌(387-4,주상복합),1억 8500~3억세대수
50세대
동수
총 1동
사용승인일
2018.12.26
면적
18.78㎡ ~ 42.09㎡, 6
강동구,길동,다성이즈빌(388-4,주상복합),9억 1000세대수
53세대
동수
총 1동
사용승인일
2004.10.25
면적
84.2㎡ ~ 103.28㎡, 7
강동구,길동,다성이즈빌(388-7,주상복합),2억~3억 4000세대수
55세대
동수
총 1동
사용승인일
2015.07.17
면적
24.18㎡ ~ 53.9㎡, 7
강동구,길동,다성이즈빌(416-17,도시형),-세대수
96세대
동수
총 1동
사용승인일
2021.11.05
면적
17.92㎡ ~ 42.19㎡, 7
강동구,길동,다성이즈빌(456-4,주상복합),1억 9500~2억 9900세대수
105세대
동수
총 1동
사용승인일
2018.11.27
면적
20.88㎡ ~ 30.62㎡, 11
강동구,길동,다성이즈빌(도시형),1억 3500~1억 5000세대수
96세대
동수
총 1동
사용승인일
2012.04.30
면적
26.07㎡ ~ 28.05㎡, 5
강동구,길동,다성이즈텔(주상복합),7억 5000~8억 5000세대수
23세대
동수
총 1동
사용승인일
2004.02.26
면적
102.49㎡, 6
강동구,길동,다성팰리스,6억 5000세대수
19세대
동수
총 1동
사용승인일
2004.03.23
면적
61.32㎡ ~ 88.97㎡, 4
강동구,길동,다오아트빌,6억 5000세대수
29세대
동수
총 1동
사용승인일
2001.07.11
면적
92.07㎡, 2
강동구,길동,도고하임(도시형),-세대수
80세대
동수
총 1동
사용승인일
2014.09.30
면적
29.76㎡ ~ 74.24㎡, 11
강동구,길동,도림시티빌,10억 4000~10억 5000세대수
42세대
동수
총 1동
사용승인일
2001.05.18
면적
87.81㎡ ~ 169.53㎡, 4
강동구,길동,동삼빌라트,7억 2000세대수
47세대
동수
총 1동
사용승인일
1998.07.27
면적
69.26㎡ ~ 95.33㎡, 5
강동구,길동,동서울오네뜨,10억세대수
71세대
동수
총 1동
사용승인일
2009.11.18
면적
69.26㎡ ~ 176.95㎡, 7
강동구,길동,동심훼밀리,7억 2000~7억 9000세대수
19세대
동수
총 1동
사용승인일
2002.12.05
면적
92.1㎡ ~ 96.18㎡, 3
강동구,길동,드림하이츠(도시형),-세대수
24세대
동수
총 1동
사용승인일
2015.07.16
면적
44.56㎡ ~ 56.38㎡, 8
강동구,길동,라온,-세대수
19세대
동수
총 1동
사용승인일
2020.10.23
면적
20.11㎡ ~ 24.74㎡, 10
강동구,길동,라인,7억~10억세대수
128세대
동수
총 1동
사용승인일
1998.09.15
면적
85.79㎡ ~ 133.58㎡, 4
강동구,길동,메트로아파텔(주상복합),-세대수
22세대
동수
총 1동
사용승인일
2004.09.13
면적
80.67㎡ ~ 93.31㎡, 8
강동구,길동,문화,7억 8000세대수
43세대
동수
총 1동
사용승인일
1998.07.03
면적
76.71㎡ ~ 105.96㎡, 3
강동구,길동,백천이스트하임(도시형),-세대수
84세대
동수
총 1동
사용승인일
2012.12.28
면적
26.12㎡ ~ 32.22㎡, 5
강동구,길동,비바체하임(도시형),-세대수
29세대
동수
총 2동
사용승인일
2019.06.24
면적
32.96㎡ ~ 46.49㎡, 4
강동구,길동,삼보프리빌(주상복합),6억세대수
16세대
동수
총 1동
사용승인일
2010.01.27
면적
95.93㎡ ~ 108.35㎡, 4
강동구,길동,삼유스위트빌,-세대수
19세대
동수
총 1동
사용승인일
2002.10.30
면적
52.8㎡ ~ 126.14㎡, 10
강동구,길동,삼익세라믹,9억 3000~10억 5000세대수
83세대
동수
총 1동
사용승인일
1992.06.29
면적
105.55㎡, 6
강동구,길동,삼익파크맨숀,10억 5000~20억세대수
1092세대
동수
총 12동
사용승인일
1982.09.04
면적
59.73㎡ ~ 166.93㎡, 6
강동구,길동,서한베네치아,-세대수
18세대
동수
총 1동
사용승인일
2005.03.22
면적
96.56㎡ ~ 128.03㎡, 3
강동구,길동,신동아1,2차,10억~15억세대수
972세대
동수
총 11동
사용승인일
1983.06.09
면적
64.56㎡ ~ 111.51㎡, 3
강동구,길동,신세대빌라트,-세대수
19세대
동수
총 1동
사용승인일
1999.08.27
면적
141.54㎡ ~ 302.45㎡, 4
강동구,길동,신암(주상복합),-세대수
12세대
동수
총 1동
사용승인일
2000.12.11
면적
96.22㎡, 1
강동구,길동,신암가온(주상복합),-세대수
55세대
동수
총 1동
사용승인일
2002.07.31
면적
74.39㎡, 9
강동구,길동,아뜨리에빌,-세대수
38세대
동수
총 3동
사용승인일
2009.07.28
면적
59.54㎡ ~ 73.25㎡, 2
강동구,길동,양촌,-세대수
19세대
동수
총 2동
사용승인일
2003.02.17
면적
82.59㎡ ~ 86.67㎡, 3
강동구,길동,에스엠이로빌(358-1),7억 3000~9억 4000세대수
19세대
동수
총 1동
사용승인일
2004.06.17
면적
68.54㎡ ~ 128.11㎡, 5
강동구,길동,에스엠이로빌(379),-세대수
36세대
동수
총 1동
사용승인일
2004.04.30
면적
57.56㎡ ~ 102.51㎡, 6
강동구,길동,에이스빌(주상복합),10억세대수
24세대
동수
총 1동
사용승인일
2003.06.03
면적
125.7㎡ ~ 134.9㎡, 2
강동구,길동,예건타워빌(주상복합),-세대수
17세대
동수
총 1동
사용승인일
2005.01.10
면적
43.66㎡ ~ 102.9㎡, 4
강동구,길동,예다움,-세대수
38세대
동수
총 1동
사용승인일
2004.07.03
면적
75.58㎡ ~ 128.78㎡, 10
강동구,길동,우림루미아트,9억 5000세대수
78세대
동수
총 1동
사용승인일
2003.12.19
면적
96.2㎡ ~ 104.58㎡, 1
강동구,길동,우성(332),-세대수
162세대
동수
총 2동
사용승인일
1989.10.06
면적
91.39㎡ ~ 101.46㎡, 7
강동구,길동,우성(382-6),5억세대수
49세대
동수
총 1동
사용승인일
1996.05.13
면적
65.09㎡ ~ 70.32㎡, 4
강동구,길동,우성아트빌(주상복합),-세대수
39세대
동수
총 1동
사용승인일
2013.04.25
면적
82.02㎡ ~ 151.52㎡, 5
강동구,길동,웅주아크로파크,-세대수
19세대
동수
총 1동
사용승인일
2006.07.05
면적
87.35㎡ ~ 146.72㎡, 11
강동구,길동,유덕휴먼빌,-세대수
38세대
동수
총 1동
사용승인일
2003.08.05
면적
86.35㎡ ~ 121.45㎡, 4
강동구,길동,율전에버그린,-세대수
28세대
동수
총 1동
사용승인일
2016.02.15
면적
28.31㎡ ~ 59.35㎡, 6
강동구,길동,이스트드림힐(주상복합),7억 9000세대수
28세대
동수
총 1동
사용승인일
2003.11.28
면적
68.86㎡ ~ 100.45㎡, 5
강동구,길동,장인이즈빌,9억~9억 8000세대수
49세대
동수
총 1동
사용승인일
2004.01.07
면적
83.55㎡ ~ 108.69㎡, 6
강동구,길동,주풍그린빌,-세대수
19세대
동수
총 1동
사용승인일
1996.12.19
면적
152.51㎡ ~ 255.68㎡, 9
강동구,길동,청광플러스원큐브2차(주상복합),1억 500~1억 1500세대수
111세대
동수
총 1동
사용승인일
2013.07.30
면적
25.86㎡, 11
강동구,길동,청광플러스원큐브3차(도시형),1억 500~1억 1500세대수
207세대
동수
총 1동
사용승인일
2014.10.06
면적
22.35㎡ ~ 25.68㎡, 9
강동구,길동,청원파크빌2차,8억 7000~9억 7000세대수
46세대
동수
총 1동
사용승인일
2004.11.19
면적
59.5㎡ ~ 104.11㎡, 1
강동구,길동,청원파크빌3차,8억~8억 6000세대수
28세대
동수
총 1동
사용승인일
2006.12.21
면적
84.9㎡ ~ 109.44㎡, 2
강동구,길동,탑건위너빌,-세대수
19세대
동수
총 1동
사용승인일
2001.11.09
면적
83.31㎡ ~ 119.38㎡, 7
강동구,길동,태성,7억~8억세대수
35세대
동수
총 1동
사용승인일
2003.11.24
면적
78.87㎡ ~ 116.77㎡, 1
강동구,길동,태솔,6억 4000~6억 5000세대수
18세대
동수
총 1동
사용승인일
2009.11.06
면적
76.48㎡ ~ 88.01㎡, 10
강동구,길동,태천해오름18차,-세대수
18세대
동수
총 1동
사용승인일
2003.11.24
면적
79.76㎡ ~ 94.68㎡, 2
강동구,길동,태흥,7억 2000세대수
18세대
동수
총 1동
사용승인일
2004.09.23
면적
82.01㎡ ~ 93.45㎡, 4
강동구,길동,파크하임,-세대수
18세대
동수
총 1동
사용승인일
2004.06.26
면적
90.56㎡ ~ 101.99㎡, 4
강동구,길동,하이브(주상복합),5억 7000~7억세대수
73세대
동수
총 1동
사용승인일
2006.11.30
면적
54.69㎡ ~ 121.19㎡, 10
강동구,길동,하이존,7억 5000세대수
19세대
동수
총 1동
사용승인일
2004.04.02
면적
76.51㎡ ~ 99.69㎡, 3
강동구,길동,한건,8억 5000세대수
39세대
동수
총 1동
사용승인일
2001.12.24
면적
91.98㎡ ~ 99.52㎡, 7
강동구,길동,한미스카이캐슬(도시형),-세대수
104세대
동수
총 1동
사용승인일
2016.08.30
면적
19.21㎡ ~ 26.55㎡, 9
강동구,길동,한빛(주상복합),4억 5000~10억 5000세대수
317세대
동수
총 3동
사용승인일
2001.10.13
면적
47.11㎡ ~ 114.47㎡, 4
강동구,길동,한솔브리즈(주상복합),7억 9000세대수
35세대
동수
총 1동
사용승인일
2004.10.06
면적
100.9㎡ ~ 148.63㎡, 6
강동구,길동,해맞이,-세대수
24세대
동수
총 2동
사용승인일
2005.09.27
면적
88.95㎡ ~ 95.9㎡, 7
강동구,길동,현대,8억 8000~11억 5000세대수
264세대
동수
총 2동
사용승인일
1996.08.09
면적
81.8㎡ ~ 107.48㎡, 5
강동구,길동,현대웰하임1단지(도시형),1억 2800~2억세대수
128세대
동수
총 1동
사용승인일
2012.04.27
면적
25.72㎡, 6
강동구,길동,현대웰하임2단지(도시형),9300~1억 2000세대수
139세대
동수
총 1동
사용승인일
2012.04.27
면적
19.12㎡ ~ 27.03㎡, 5
강동구,길동,형인허브빌,9억 5000세대수
48세대
동수
총 1동
사용승인일
2005.09.08
면적
105.92㎡ ~ 108.32㎡, 3
강동구,길동,효성노바,8억 5000세대수
12세대
동수
총 1동
사용승인일
2003.05.06
면적
65.69㎡ ~ 96.25㎡, 9
강동구,길동,희훈리치파크,8억 2000~9억 5000세대수
102세대
동수
총 1동
사용승인일
2002.12.12
면적
93.73㎡ ~ 105.93㎡, 4
강동구,둔촌동,KNP(주상복합),-세대수
19세대
동수
총 1동
사용승인일
2002.11.27
면적
80.91㎡ ~ 187.72㎡, 9
강동구,둔촌동,KNP로얄,-세대수
19세대
동수
총 1동
사용승인일
2004.06.15
면적
59.19㎡ ~ 97.53㎡, 3
강동구,둔촌동,KnP이스트빌,-세대수
49세대
동수
총 1동
사용승인일
2004.03.22
면적
76.92㎡ ~ 105.42㎡, 8
강동구,둔촌동,경방필,-세대수
19세대
동수
총 1동
사용승인일
2003.03.10
면적
93.27㎡ ~ 93.5㎡, 4
강동구,둔촌동,광남,-세대수
31세대
동수
총 2동
사용승인일
2004.02.18
면적
84.75㎡ ~ 99.64㎡, 5
강동구,둔촌동,광남캐스빌(435-7),8억 5000~14억세대수
126세대
동수
총 4동
사용승인일
2004.10.15
면적
79.95㎡ ~ 142.29㎡, 11
강동구,둔촌동,그랜드,-세대수
19세대
동수
총 1동
사용승인일
2003.12.26
면적
102.01㎡ ~ 176.58㎡, 4
강동구,둔촌동,금강트레조빌(도시형),3억 8000~7억세대수
50세대
동수
총 5동
사용승인일
2013.05.31
면적
45.55㎡ ~ 65.48㎡, 10
강동구,둔촌동,노바,6억세대수
12세대
동수
총 1동
사용승인일
2002.07.16
면적
44.17㎡ ~ 84.11㎡, 7
강동구,둔촌동,다원애버니아,7억 7000세대수
19세대
동수
총 1동
사용승인일
2004.02.25
면적
77.84㎡ ~ 125.91㎡, 7
강동구,둔촌동,도원빌,7억세대수
12세대
동수
총 1동
사용승인일
2003.08.22
면적
61.74㎡ ~ 97.27㎡, 8
강동구,둔촌동,동아(621),8억 8000~11억 8500세대수
170세대
동수
총 2동
사용승인일
1997.12.31
면적
85.44㎡ ~ 108.36㎡, 5
강동구,둔촌동,동아(94-16),6억 1000세대수
68세대
동수
총 1동
사용승인일
1992.01.17
면적
62.03㎡ ~ 69.93㎡, 1
강동구,둔촌동,동호리츠빌,6억 5000세대수
47세대
동수
총 1동
사용승인일
2004.10.05
면적
58.78㎡ ~ 107.14㎡, 7
강동구,둔촌동,둔촌광남캐스빌(631),12억세대수
31세대
동수
총 1동
사용승인일
2012.08.08
면적
100.81㎡ ~ 100.83㎡, 4
강동구,둔촌동,둔촌늘푸른,5억 5000세대수
19세대
동수
총 1동
사용승인일
2009.06.29
면적
69.22㎡ ~ 101.45㎡, 9
강동구,둔촌동,둔촌신동아(파밀리에),10억~13억세대수
357세대
동수
총 3동
사용승인일
2002.11.15
면적
84.85㎡ ~ 129.25㎡, 2
강동구,둔촌동,둔촌신성미소지움,9억~17억세대수
460세대
동수
총 2동
사용승인일
1998.05.02
면적
87.26㎡ ~ 145.85㎡, 4
강동구,둔촌동,둔촌신성미소지움2차,10억~13억 7000세대수
278세대
동수
총 3동
사용승인일
2000.12.09
면적
84.42㎡ ~ 145.8㎡, 4
강동구,둔촌동,둔촌암펠로스타워(주상복합),12억~12억 5000세대수
32세대
동수
총 1동
사용승인일
2006.12.15
면적
117.65㎡ ~ 267.37㎡, 3
강동구,둔촌동,둔촌푸르지오,12억~18억 5000세대수
800세대
동수
총 10동
사용승인일
2010.03.12
면적
83.42㎡ ~ 138.93㎡, 7
강동구,둔촌동,둔촌하이츠,9억 6000~14억 8000세대수
232세대
동수
총 1동
사용승인일
1998.05.01
면적
86.3㎡ ~ 149.48㎡, 2
강동구,둔촌동,둔촌한솔솔파크,13억~14억 5000세대수
132세대
동수
총 2동
사용승인일
2003.07.24
면적
85.43㎡ ~ 127.37㎡, 8
강동구,둔촌동,둔촌현대4차,10억~11억 7000세대수
235세대
동수
총 2동
사용승인일
1996.02.29
면적
73.79㎡ ~ 145.44㎡, 2
강동구,둔촌동,둔촌후성누리움(실버주택),8억 3000세대수
51세대
동수
총 1동
사용승인일
2007.04.26
면적
101.98㎡ ~ 110.01㎡, 5
강동구,둔촌동,라온스토리(도시형),-세대수
10세대
동수
총 1동
사용승인일
2020.12.18
면적
32.83㎡ ~ 39.77㎡, 9
강동구,둔촌동,라이프,9억 7000세대수
78세대
동수
총 2동
사용승인일
1993.03.13
면적
89.43㎡ ~ 95.08㎡, 4
강동구,둔촌동,미랜드퀸,14억~15억세대수
21세대
동수
총 2동
사용승인일
2009.04.07
면적
129.75㎡ ~ 166.37㎡, 5
강동구,둔촌동,삼성아트빌(도시형),-세대수
15세대
동수
총 1동
사용승인일
2016.09.30
면적
31.28㎡ ~ 50㎡, 5
강동구,둔촌동,삼익,-세대수
66세대
동수
총 4동
사용승인일
1985.10.10
면적
128.01㎡ ~ 138.2㎡, 1
강동구,둔촌동,상상프리,-세대수
19세대
동수
총 1동
사용승인일
2012.01.03
면적
68.9㎡ ~ 101.63㎡, 10
강동구,둔촌동,새얀빌(도시형),4억 5000~6억 1000세대수
12세대
동수
총 1동
사용승인일
2021.12.13
면적
35.52㎡ ~ 75.26㎡, 8
강동구,둔촌동,성원,7억 8000~9억 5000세대수
74세대
동수
총 1동
사용승인일
1995.09.07
면적
76.69㎡ ~ 99.89㎡, 8
강동구,둔촌동,세양청마루(주상복합),9억~12억 5000세대수
84세대
동수
총 1동
사용승인일
2005.10.14
면적
99.57㎡ ~ 128.89㎡, 9
강동구,둔촌동,아인리베,7억 8000~10억세대수
55세대
동수
총 1동
사용승인일
2005.04.28
면적
102.89㎡ ~ 103.97㎡, 8
강동구,둔촌동,오앤하우스(도시형),1억 5000~1억 6000세대수
21세대
동수
총 1동
사용승인일
2014.07.14
면적
23.96㎡ ~ 29.83㎡, 11
강동구,둔촌동,율전에버그린,8억 2000세대수
18세대
동수
총 1동
사용승인일
2007.10.05
면적
94.7㎡ ~ 118.54㎡, 7
강동구,둔촌동,주공고층3단지,20억~36억세대수
1480세대
동수
총 25동
사용승인일
1980.12.22
면적
77.02㎡ ~ 109.58㎡,정보 없음
강동구,둔촌동,주공고층4단지,20억~36억세대수
2180세대
동수
총 37동
사용승인일
1980.12.22
면적
77.7㎡ ~ 109.58㎡,정보 없음
강동구,둔촌동,주공저층1단지,20억~36억 5000세대수
1370세대
동수
총 47동
사용승인일
1980.01.28
면적
25.42㎡ ~ 88.43㎡,정보 없음
강동구,둔촌동,주공저층2단지,20억~36억 5000세대수
900세대
동수
총 36동
사용승인일
1980.01.28
면적
50.84㎡ ~ 88.43㎡,정보 없음
강동구,둔촌동,주풍그린빌라트,12억~13억세대수
18세대
동수
총 1동
사용승인일
1996.03.21
면적
141.47㎡ ~ 198.81㎡, 6
강동구,둔촌동,찬솔,7억 5000세대수
27세대
동수
총 1동
사용승인일
2007.07.25
면적
75.82㎡ ~ 103.22㎡, 6
강동구,둔촌동,청원파크빌,-세대수
61세대
동수
총 1동
사용승인일
2003.08.02
면적
91.29㎡ ~ 134.96㎡, 5
강동구,둔촌동,청호뜨레피움퍼스트,6억 3000~6억 5000세대수
40세대
동수
총 1동
사용승인일
2016.12.16
면적
72.21㎡ ~ 75.3㎡, 11
강동구,둔촌동,태상아트빌,-세대수
10세대
동수
총 1동
사용승인일
2002.07.15
면적
57.57㎡ ~ 100.36㎡, 7
강동구,둔촌동,태천해오름,-세대수
18세대
동수
총 1동
사용승인일
2003.07.01
면적
83.94㎡ ~ 103.57㎡, 9
강동구,둔촌동,프라자,13억 6000~17억세대수
354세대
동수
총 4동
사용승인일
1984.12.10
면적
101.28㎡ ~ 129.31㎡, 10
강동구,둔촌동,한솔파로스,-세대수
13세대
동수
총 1동
사용승인일
2008.10.15
면적
70.27㎡ ~ 115.23㎡, 5
강동구,둔촌동,현대1차,13억 8000~16억세대수
498세대
동수
총 5동
사용승인일
1984.11.30
면적
103.35㎡, 2
강동구,둔촌동,현대2차,12억 5000~13억 5000세대수
196세대
동수
총 2동
사용승인일
1988.01.29
면적
79.77㎡ ~ 107.14㎡, 3
강동구,둔촌동,현대3차,11억~11억 3000세대수
160세대
동수
총 1동
사용승인일
1988.06.02
면적
72.21㎡ ~ 90.29㎡, 3
강동구,둔촌동,현대수린나,-세대수
34세대
동수
총 1동
사용승인일
2019.11.20
면적
79.33㎡ ~ 99.85㎡, 5
강동구,명일동,SM해그린,8억 2000~15억세대수
48세대
동수
총 1동
사용승인일
2004.12.20
면적
58.53㎡ ~ 169.53㎡, 12
강동구,명일동,고덕(진로),15억세대수
68세대
동수
총 1동
사용승인일
1994.03.04
면적
163.95㎡, 13
강동구,명일동,고덕삼환,-세대수
120세대
동수
총 1동
사용승인일
1987.06.27
면적
101.41㎡ ~ 142.56㎡, 6
강동구,명일동,고덕주공9단지,14억~15억 5000세대수
1320세대
동수
총 14동
사용승인일
1985.11.25
면적
103.56㎡ ~ 108.82㎡, 2
강동구,명일동,고덕현대,16억 2000~19억 5000세대수
524세대
동수
총 7동
사용승인일
1986.02.07
면적
105.26㎡ ~ 154.52㎡, 3
강동구,명일동,다성시티1차,-세대수
19세대
동수
총 1동
사용승인일
2002.09.24
면적
51.12㎡ ~ 97.5㎡, 13
강동구,명일동,다성이즈빌,7억 7000세대수
26세대
동수
총 2동
사용승인일
2004.06.17
면적
71.3㎡ ~ 96.52㎡, 13
강동구,명일동,다성이즈빌명일4차,6억 9000세대수
19세대
동수
총 1동
사용승인일
2005.02.04
면적
72.68㎡ ~ 97.05㎡, 12
강동구,명일동,동양타워(주상복합),10억세대수
24세대
동수
총 1동
사용승인일
1995.02.14
면적
99.58㎡ ~ 124.64㎡, 13
강동구,명일동,동은,-세대수
11세대
동수
총 1동
사용승인일
2004.02.16
면적
63.4㎡ ~ 97.47㎡, 11
강동구,명일동,동은그랜드,-세대수
19세대
동수
총 1동
사용승인일
2006.11.02
면적
68.05㎡ ~ 98.22㎡, 12
강동구,명일동,래미안솔베뉴,12억 5000~25억세대수
1900세대
동수
총 13동
사용승인일
2019.06.24
면적
69.54㎡ ~ 148.39㎡, 1
강동구,명일동,명가(도시형),-세대수
10세대
동수
총 1동
사용승인일
2019.05.10
면적
34.96㎡ ~ 70.25㎡,정보 없음
강동구,명일동,명일LG,8억 9000~12억세대수
772세대
동수
총 2동
사용승인일
1999.12.27
면적
81.18㎡ ~ 116.04㎡, 8
강동구,명일동,명일다성시티2차,-세대수
14세대
동수
총 1동
사용승인일
2002.11.22
면적
76.37㎡ ~ 94.97㎡, 12
강동구,명일동,명일다성이즈빌,7억 5000세대수
33세대
동수
총 1동
사용승인일
2010.11.22
면적
48.79㎡ ~ 99.98㎡, 4
강동구,명일동,명일삼환,14억 7000~15억 8000세대수
306세대
동수
총 2동
사용승인일
1992.06.30
면적
106.28㎡ ~ 106.32㎡, 10
강동구,명일동,명일현대,8억 5000~11억 5000세대수
226세대
동수
총 2동
사용승인일
1988.10.04
면적
80.13㎡ ~ 101.47㎡, 3
강동구,명일동,삼보힐,-세대수
10세대
동수
총 1동
사용승인일
2001.12.14
면적
97.66㎡ ~ 148.61㎡, 4
강동구,명일동,삼익그린11차,12억 5000~14억 3000세대수
152세대
동수
총 1동
사용승인일
1986.06.30
면적
94.49㎡ ~ 149.3㎡, 1
강동구,명일동,삼익그린맨션2차,11억 9000~27억세대수
2400세대
동수
총 18동
사용승인일
1983.12.17
면적
59.93㎡ ~ 148.19㎡, 1
강동구,명일동,삼익맨션(삼익가든),11억 5000~23억세대수
768세대
동수
총 10동
사용승인일
1984.11.30
면적
80.27㎡ ~ 176.38㎡, 7
강동구,명일동,센트로빌(주상복합),7억세대수
19세대
동수
총 1동
사용승인일
2003.11.03
면적
75.54㎡ ~ 125.69㎡, 3
강동구,명일동,신동아,17억 5000~19억 8000세대수
570세대
동수
총 7동
사용승인일
1986.02.08
면적
97.69㎡ ~ 146.39㎡, 6
강동구,명일동,쎄비앙,-세대수
7세대
동수
총 1동
사용승인일
2006.01.17
면적
105.92㎡, 2
강동구,명일동,아름누리,4억 6000~4억 8000세대수
40세대
동수
총 4동
사용승인일
2014.09.12
면적
37.81㎡ ~ 64.46㎡, 9
강동구,명일동,우성(356),8억 9000~9억세대수
77세대
동수
총 3동
사용승인일
2004.02.03
면적
52.75㎡ ~ 105.3㎡, 1
강동구,명일동,우성(42),15억 6000~20억세대수
572세대
동수
총 8동
사용승인일
1986.05.23
면적
103.8㎡ ~ 153.78㎡, 8
강동구,명일동,원일타워(도시형),-세대수
119세대
동수
총 1동
사용승인일
2020.04.24
면적
31.98㎡ ~ 97.7㎡,정보 없음
강동구,명일동,은진빌(도시형),-세대수
15세대
동수
총 1동
사용승인일
2013.08.20
면적
21.02㎡ ~ 25.12㎡, 4
강동구,명일동,중앙,9억 5000세대수
47세대
동수
총 1동
사용승인일
2001.11.24
면적
85.32㎡ ~ 105.12㎡, 4
강동구,명일동,케이엔피(KNP),9억세대수
19세대
동수
총 1동
사용승인일
2002.11.16
면적
98.89㎡ ~ 99.99㎡, 8
강동구,명일동,태천해오름(101동),8억세대수
49세대
동수
총 1동
사용승인일
2004.07.05
면적
85.21㎡ ~ 105.26㎡, 13
강동구,명일동,태천해오름(102A),-세대수
18세대
동수
총 1동
사용승인일
2004.10.30
면적
54.34㎡ ~ 95.65㎡, 14
강동구,명일동,태천해오름(102B),-세대수
6세대
동수
총 1동
사용승인일
2004.10.30
면적
118.86㎡, 14
강동구,명일동,태천해오름(103),-세대수
18세대
동수
총 1동
사용승인일
2004.11.18
면적
73.84㎡ ~ 94.76㎡, 14
강동구,명일동,한강훼미리(주상복합),7억세대수
18세대
동수
총 1동
사용승인일
2004.07.28
면적
93.56㎡ ~ 93.67㎡, 11
강동구,명일동,한양,16억 3000~19억 5000세대수
540세대
동수
총 6동
사용승인일
1986.05.10
면적
102.13㎡ ~ 138.25㎡, 3
강동구,명일동,해밀,-세대수
19세대
동수
총 1동
사용승인일
2007.04.18
면적
42.74㎡ ~ 80.61㎡, 12
강동구,명일동,형인허브빌,10억~10억 8000세대수
103세대
동수
총 1동
사용승인일
2002.11.04
면적
101.92㎡ ~ 106.01㎡, 12
강동구,상일동,e편한세상강일어반브릿지,-세대수
593세대
동수
총 6동
사용승인일
2024.02
면적
109.35㎡ ~ 134.33㎡,정보 없음
강동구,상일동,강동리엔파크14단지,-세대수
943세대
동수
총 9동
사용승인일
2021.02.10
면적
72.01㎡ ~ 86.66㎡, 19
강동구,상일동,고덕롯데캐슬베네루체,12억 4000~28억세대수
1859세대
동수
총 20동
사용승인일
2019.12.30
면적
83.39㎡ ~ 152.38㎡, 3
강동구,상일동,고덕센트럴아이파크,12억 7000~20억세대수
1745세대
동수
총 19동
사용승인일
2019.12.30
면적
82.26㎡ ~ 179.92㎡, 1
강동구,상일동,고덕센트럴아이파크,12억 7000~20억세대수
1745세대
동수
총 19동
사용승인일
2019.12.30
면적
82.26㎡ ~ 179.92㎡, 1
강동구,상일동,고덕숲아이파크,12억 3000~19억세대수
687세대
동수
총 13동
사용승인일
2018.03.08
면적
84.78㎡ ~ 137.28㎡, 7
강동구,상일동,고덕아르테스미소지움,13억 5000~17억 5000세대수
100세대
동수
총 3동
사용승인일
2022.02
면적
80.57㎡ ~ 112.2㎡, 6
강동구,상일동,고덕아르테온,13억 7000~25억세대수
4066세대
동수
총 41동
사용승인일
2020.02
면적
80.86㎡ ~ 152.72㎡, 1
강동구,상일동,고덕자이,13억 5000~20억세대수
1824세대
동수
총 19동
사용승인일
2021.01
면적
67.47㎡ ~ 146.48㎡,정보 없음
강동구,상일동,대림,20억~24억세대수
108세대
동수
총 10동
사용승인일
1992.03.25
면적
173.53㎡ ~ 262.51㎡, 12
강동구,상일동,로고스하우스(도시형),-세대수
10세대
동수
총 1동
사용승인일
2017.09.19
면적
29.28㎡ ~ 47.04㎡, 6
강동구,상일동,명일중앙하이츠,8억 7000~12억 5000세대수
410세대
동수
총 5동
사용승인일
1992.05.09
면적
72.93㎡ ~ 100.55㎡, 9
강동구,상일동,삼성,16억~29억세대수
132세대
동수
총 11동
사용승인일
1988.07.28
면적
108.12㎡ ~ 235.47㎡, 6
강동구,상일동,삼성그린,13억 8000~14억 5000세대수
48세대
동수
총 4동
사용승인일
1999.06.05
면적
134.94㎡ ~ 162.25㎡, 15
강동구,상일동,상일동아,6억 7000~9억세대수
186세대
동수
총 1동
사용승인일
1997.06.21
면적
73.95㎡ ~ 106.02㎡, 6
강동구,상일동,상일우성타운,-세대수
105세대
동수
총 9동
사용승인일
1989.05.04
면적
109.23㎡ ~ 213.92㎡, 8
강동구,상일동,예인,-세대수
7세대
동수
총 1동
사용승인일
2007.11.27
면적
60.72㎡, 7
강동구,상일동,현대,19억 9000~21억세대수
84세대
동수
총 8동
사용승인일
1986.10.20
면적
111.83㎡ ~ 148.64㎡, 5
강동구,상일동,효성,15억세대수
69세대
동수
총 5동
사용승인일
1987.02.16
면적
104.84㎡ ~ 160.92㎡, 10
강동구,성내동,CJ나인파크(주상복합),-세대수
60세대
동수
총 1동
사용승인일
2006.05.19
면적
104.3㎡ ~ 106.37㎡, 13
강동구,성내동,SK허브진(주상복합),3억 8000~7억 5000세대수
325세대
동수
총 1동
사용승인일
2004.10.21
면적
40.18㎡ ~ 62.86㎡, 11
강동구,성내동,SM엘루이(주상복합),-세대수
104세대
동수
총 1동
사용승인일
2019.08.20
면적
24.38㎡ ~ 46.08㎡, 13
강동구,성내동,e편한세상3차,10억 3000세대수
66세대
동수
총 1동
사용승인일
2004.09.24
면적
84.39㎡ ~ 106.18㎡, 11
강동구,성내동,갑지하이린,-세대수
18세대
동수
총 1동
사용승인일
2001.12.28
면적
114.48㎡ ~ 141.41㎡, 11
강동구,성내동,강동네스빌,2억 1500세대수
38세대
동수
총 1동
사용승인일
2002.02.06
면적
33.64㎡ ~ 74.33㎡, 10
강동구,성내동,강동다온채,8억~8억 3000세대수
19세대
동수
총 1동
사용승인일
2008.07.30
면적
86.85㎡ ~ 184.35㎡, 8
강동구,성내동,건영아모리움(도시형),1억 3200~1억 5000세대수
29세대
동수
총 1동
사용승인일
2017.12.13
면적
18.51㎡ ~ 39.64㎡, 15
강동구,성내동,경보그레이스힐,-세대수
77세대
동수
총 1동
사용승인일
2002.12.31
면적
73.66㎡ ~ 113.51㎡, 13
강동구,성내동,광남밸라스타워,-세대수
14세대
동수
총 1동
사용승인일
2002.05.03
면적
173.75㎡ ~ 190.3㎡, 11
강동구,성내동,광남캐스빌(435-7),10억~11억세대수
28세대
동수
총 1동
사용승인일
2003.06.12
면적
48.87㎡ ~ 101.29㎡, 6
강동구,성내동,광남캐스빌(448-5),-세대수
28세대
동수
총 1동
사용승인일
2001.12.13
면적
75.27㎡ ~ 105.51㎡, 8
강동구,성내동,광남캐스빌(510-1),-세대수
19세대
동수
총 1동
사용승인일
2002.04.24
면적
75.23㎡ ~ 88.15㎡, 6
강동구,성내동,광남캐스빌1,-세대수
17세대
동수
총 1동
사용승인일
2009.07.13
면적
46.59㎡ ~ 72.94㎡, 12
강동구,성내동,광남캐스빌3차,-세대수
42세대
동수
총 1동
사용승인일
2004.11.04
면적
66.95㎡ ~ 101.03㎡, 7
강동구,성내동,금광포란재,12억~13억 5000세대수
39세대
동수
총 1동
사용승인일
2007.05.08
면적
66.64㎡ ~ 147.24㎡, 11
강동구,성내동,노블레스트,-세대수
18세대
동수
총 1동
사용승인일
2002.09.16
면적
113.47㎡ ~ 124.79㎡, 3
강동구,성내동,늘조은(주상복합),7억세대수
28세대
동수
총 1동
사용승인일
2003.07.26
면적
52.99㎡ ~ 87.48㎡, 15
강동구,성내동,다성이즈빌(423-64),-세대수
14세대
동수
총 1동
사용승인일
2005.11.10
면적
68.93㎡ ~ 89.65㎡, 5
강동구,성내동,다성이즈빌(434-13),4억 3000~7억세대수
43세대
동수
총 1동
사용승인일
2016.07.19
면적
33.01㎡ ~ 68.65㎡, 4
강동구,성내동,다성이즈빌(551-4,도시형),1억 9000~2억 9000세대수
40세대
동수
총 1동
사용승인일
2014.03.10
면적
31.57㎡ ~ 42.77㎡, 5
강동구,성내동,대우파크빌(도시형),-세대수
15세대
동수
총 1동
사용승인일
2013.04.19
면적
17.59㎡ ~ 109.05㎡, 0
강동구,성내동,대은팰리스뷰,-세대수
12세대
동수
총 1동
사용승인일
2006.04.05
면적
64.49㎡ ~ 84.17㎡, 7
강동구,성내동,대주그린빌,10억세대수
19세대
동수
총 1동
사용승인일
2003.09.29
면적
61.17㎡ ~ 128.01㎡, 5
강동구,성내동,더다온245(도시형),-세대수
15세대
동수
총 1동
사용승인일
2021.09.10
면적
34.84㎡ ~ 49.94㎡, 16
강동구,성내동,더리빙플러스(도시형),-세대수
28세대
동수
총 1동
사용승인일
2012.12.04
면적
18.24㎡ ~ 25.27㎡, 15
강동구,성내동,더존예가(A동,B동),-세대수
40세대
동수
총 2동
사용승인일
2017.11.06
면적
20.75㎡ ~ 37.56㎡, 10
강동구,성내동,더존예가(C동,도시형),-세대수
24세대
동수
총 1동
사용승인일
2018.03.28
면적
18.29㎡ ~ 35.02㎡, 11
강동구,성내동,동남,-세대수
40세대
동수
총 1동
사용승인일
2001.07.24
면적
90.54㎡ ~ 101.08㎡, 10
강동구,성내동,동남2차,-세대수
19세대
동수
총 1동
사용승인일
2002.08.09
면적
77.12㎡ ~ 99.52㎡, 9
강동구,성내동,동남드림빌(주상복합),-세대수
35세대
동수
총 1동
사용승인일
2006.07.05
면적
94.99㎡ ~ 104.52㎡, 13
강동구,성내동,동방,-세대수
55세대
동수
총 1동
사용승인일
1995.08.08
면적
82.14㎡ ~ 134.53㎡, 9
강동구,성내동,동아1차,12억세대수
135세대
동수
총 1동
사용승인일
1997.02.28
면적
76.31㎡ ~ 121.42㎡, 6
강동구,성내동,동아2차,7억 6000~9억 2000세대수
43세대
동수
총 1동
사용승인일
1996.10.14
면적
72.9㎡ ~ 150.51㎡, 7
강동구,성내동,동아3차(주상복합),-세대수
8세대
동수
총 1동
사용승인일
1995.05.26
면적
101.53㎡, 7
강동구,성내동,동원,8억 5000~12억 2000세대수
57세대
동수
총 1동
사용승인일
2002.04.26
면적
80.62㎡ ~ 110.81㎡, 8
강동구,성내동,동원2차,-세대수
73세대
동수
총 1동
사용승인일
2002.04.26
면적
79.8㎡ ~ 103.1㎡, 8
강동구,성내동,동일,15억세대수
19세대
동수
총 1동
사용승인일
1999.11.09
면적
122.48㎡ ~ 217.1㎡, 9
강동구,성내동,둔촌역아치스톤,-세대수
66세대
동수
총 1동
사용승인일
2010.12.23
면적
116.18㎡ ~ 117.9㎡, 9
강동구,성내동,둔촌역청구,10억~12억 8000세대수
222세대
동수
총 2동
사용승인일
1999.03.11
면적
83.83㎡ ~ 108.91㎡, 7
강동구,성내동,드림스빌,8억 5000세대수
12세대
동수
총 1동
사용승인일
2003.07.29
면적
76.08㎡ ~ 107.66㎡, 6
강동구,성내동,디아람(도시형),-세대수
19세대
동수
총 1동
사용승인일
2021.08.20
면적
20.67㎡ ~ 41.06㎡, 12
강동구,성내동,라움,-세대수
16세대
동수
총 1동
사용승인일
2004.05.10
면적
48.97㎡ ~ 95.59㎡, 11
강동구,성내동,라움포레,10억 5000세대수
71세대
동수
총 1동
사용승인일
2020.12
면적
70.54㎡ ~ 74.3㎡, 3
강동구,성내동,라이저강동(민간임대,도시형),-세대수
84세대
동수
총 1동
사용승인일
2017.08.01
면적
25.23㎡ ~ 33㎡, 15
강동구,성내동,로얄,-세대수
19세대
동수
총 1동
사용승인일
2003.12.02
면적
60.3㎡ ~ 83.54㎡, 6
강동구,성내동,마루지움12번가(도시형),-세대수
16세대
동수
총 1동
사용승인일
2018.08.23
면적
18.99㎡ ~ 44.94㎡, 12
강동구,성내동,메이저,-세대수
41세대
동수
총 1동
사용승인일
2001.06.27
면적
60.12㎡ ~ 103.24㎡, 10
강동구,성내동,몽촌토성,-세대수
18세대
동수
총 1동
사용승인일
1993.12.31
면적
91.3㎡ ~ 144.93㎡, 10
강동구,성내동,미랜드프레임빌,12억세대수
19세대
동수
총 1동
사용승인일
2006.10.19
면적
101.76㎡ ~ 140.44㎡, 4
강동구,성내동,백룡도원,-세대수
41세대
동수
총 1동
사용승인일
2001.03
면적
84.03㎡ ~ 181.16㎡, 9
강동구,성내동,베네스트빌리지,-세대수
12세대
동수
총 1동
사용승인일
2002.12.04
면적
60.74㎡ ~ 83.8㎡, 15
강동구,성내동,비바체,-세대수
18세대
동수
총 1동
사용승인일
2017.12.29
면적
19.74㎡ ~ 41.99㎡, 9
강동구,성내동,비앤비,14억세대수
38세대
동수
총 2동
사용승인일
2003.12.12
면적
62.38㎡ ~ 111.2㎡, 12
강동구,성내동,삼성아트빌(도시형),-세대수
10세대
동수
총 1동
사용승인일
2015.01.19
면적
29.07㎡ ~ 68.19㎡, 9
강동구,성내동,삼성파크타워,-세대수
19세대
동수
총 1동
사용승인일
1995.08.28
면적
260.6㎡ ~ 261.52㎡, 10
강동구,성내동,삼진,12억세대수
19세대
동수
총 1동
사용승인일
1995.05.13
면적
109.66㎡ ~ 199.67㎡, 6
강동구,성내동,새한올림픽,8억세대수
49세대
동수
총 1동
사용승인일
2001.12.11
면적
97.02㎡ ~ 208.06㎡, 9
강동구,성내동,샤인빌,8억 5000세대수
25세대
동수
총 2동
사용승인일
2003.10.23
면적
73.58㎡ ~ 111.32㎡, 12
강동구,성내동,선광,7억 9500~11억세대수
82세대
동수
총 1동
사용승인일
1997.07.21
면적
69.18㎡ ~ 113.42㎡, 10
강동구,성내동,성내e-편한세상1차,12억~15억세대수
203세대
동수
총 3동
사용승인일
2003.11.14
면적
96.41㎡ ~ 144.61㎡, 9
강동구,성내동,성내e-편한세상2차,12억 5000~14억세대수
151세대
동수
총 2동
사용승인일
2004.11.24
면적
105.89㎡ ~ 147.82㎡, 8
강동구,성내동,성내대성,-세대수
67세대
동수
총 1동
사용승인일
2003.12.31
면적
75.54㎡ ~ 115.45㎡, 12
강동구,성내동,성내마이플레이스(도시형),2억 2000세대수
19세대
동수
총 1동
사용승인일
2020.07.06
면적
21.48㎡ ~ 67.32㎡, 11
강동구,성내동,성내삼성,9억 7000~18억세대수
1220세대
동수
총 10동
사용승인일
1999.09.01
면적
85.31㎡ ~ 142.85㎡, 3
강동구,성내동,성내스테이,7억~7억 2000세대수
26세대
동수
총 1동
사용승인일
2018.09.03
면적
57.34㎡ ~ 57.98㎡, 7
강동구,성내동,성내아우라1,-세대수
15세대
동수
총 1동
사용승인일
2007.11.30
면적
45.1㎡ ~ 97.16㎡, 5
강동구,성내동,성내아우라2,-세대수
14세대
동수
총 1동
사용승인일
2008.01.11
면적
92.41㎡ ~ 95.72㎡, 6
강동구,성내동,성내올림픽파크한양수자인,13억 7000~21억세대수
482세대
동수
총 5동
사용승인일
2016.08.18
면적
83㎡ ~ 141㎡, 2
강동구,성내동,성내웰빙시티,7억 5000세대수
22세대
동수
총 1동
사용승인일
2018.09.21
면적
55.18㎡ ~ 86.63㎡, 5
강동구,성내동,성내파라디아,12억 5000~13억 4000세대수
60세대
동수
총 1동
사용승인일
2010.02.05
면적
109.91㎡ ~ 148.54㎡, 1
강동구,성내동,성안마을청구,9억 5000~13억 5000세대수
349세대
동수
총 2동
사용승인일
2002.07.25
면적
52.83㎡ ~ 108.1㎡, 2
강동구,성내동,세명,-세대수
29세대
동수
총 1동
사용승인일
2021.02.04
면적
37.63㎡ ~ 69.02㎡, 9
강동구,성내동,센츄럴,-세대수
35세대
동수
총 2동
사용승인일
2000.04.17
면적
60.01㎡ ~ 93.34㎡, 9
강동구,성내동,스위트빌,8억 3000세대수
19세대
동수
총 1동
사용승인일
2001.04.03
면적
93.28㎡ ~ 119.5㎡, 6
강동구,성내동,신성,6억 7000~6억 8000세대수
15세대
동수
총 1동
사용승인일
2004.02.02
면적
63.55㎡ ~ 107.43㎡, 6
강동구,성내동,신이모닝빌,-세대수
46세대
동수
총 1동
사용승인일
2004.12.08
면적
76.85㎡ ~ 106.18㎡, 8
강동구,성내동,신일유토빌,9억 5000세대수
65세대
동수
총 1동
사용승인일
2004.11.11
면적
72.31㎡ ~ 108.34㎡, 13
강동구,성내동,신주,12억세대수
19세대
동수
총 1동
사용승인일
2003.07.25
면적
96.66㎡ ~ 175.72㎡, 1
강동구,성내동,신호파크뷰,-세대수
18세대
동수
총 1동
사용승인일
1996.09.18
면적
217.37㎡, 8
강동구,성내동,아름채2(도시형),-세대수
18세대
동수
총 1동
사용승인일
2016.10.24
면적
23.87㎡ ~ 51.51㎡, 12
강동구,성내동,아성플러스(주상복합),-세대수
6세대
동수
총 1동
사용승인일
2014.04.17
면적
46.21㎡, 16
강동구,성내동,아이퍼스트빌(주상복합),1억 6000세대수
96세대
동수
총 1동
사용승인일
2012.04.20
면적
24.43㎡, 14
강동구,성내동,에스아이팰리스센트럴성내(도시형),-세대수
82세대
동수
총 1동
사용승인일
2021.04.23
면적
31.01㎡ ~ 44.04㎡, 9
강동구,성내동,엘아이지건영리가(주상복합),9억 5000~12억세대수
46세대
동수
총 1동
사용승인일
2008.07.24
면적
102.53㎡ ~ 140.81㎡, 16
강동구,성내동,영진쉐르빌(도시형),-세대수
18세대
동수
총 2동
사용승인일
2019.01.11
면적
21.03㎡ ~ 63.42㎡, 3
강동구,성내동,영진파크빌,9억세대수
17세대
동수
총 1동
사용승인일
2005.07.11
면적
80.73㎡ ~ 97.81㎡, 10
강동구,성내동,영풍마드레빌,8억 5000~12억세대수
132세대
동수
총 1동
사용승인일
2002.07.03
면적
74.05㎡ ~ 99.18㎡, 8
강동구,성내동,오륜하이츠,9억 5000세대수
12세대
동수
총 1동
사용승인일
2002.12.09
면적
51.17㎡ ~ 152.28㎡, 12
강동구,성내동,올림픽파크플러스,-세대수
19세대
동수
총 1동
사용승인일
2002.01.31
면적
150.82㎡ ~ 173.35㎡, 11
강동구,성내동,올림픽파크힐,-세대수
18세대
동수
총 1동
사용승인일
2005.06.17
면적
97.61㎡ ~ 97.95㎡, 7
강동구,성내동,용명브릿지,-세대수
33세대
동수
총 1동
사용승인일
2006.04.03
면적
85.4㎡ ~ 138.42㎡, 13
강동구,성내동,우림루미아트,-세대수
69세대
동수
총 1동
사용승인일
2004.07.05
면적
80.14㎡ ~ 182.94㎡, 13
강동구,성내동,우성,-세대수
57세대
동수
총 4동
사용승인일
2004.05.20
면적
46.33㎡ ~ 106.96㎡, 11
강동구,성내동,운암화인빌(101동),-세대수
19세대
동수
총 1동
사용승인일
2007.01.17
면적
84.37㎡ ~ 168.98㎡, 8
강동구,성내동,운암화인빌(102동),-세대수
13세대
동수
총 1동
사용승인일
2006.12.22
면적
55.87㎡ ~ 67.27㎡, 8
강동구,성내동,원다빌2,7억~8억 5000세대수
60세대
동수
총 1동
사용승인일
2002.07.05
면적
85.59㎡ ~ 105.81㎡, 9
강동구,성내동,이안강동(주상복합),9억세대수
64세대
동수
총 1동
사용승인일
2006.01.23
면적
83.19㎡ ~ 110.94㎡, 12
강동구,성내동,인택스파크뷰,-세대수
18세대
동수
총 1동
사용승인일
2003.11.17
면적
163.15㎡, 11
강동구,성내동,일심,8억세대수
28세대
동수
총 1동
사용승인일
2001.11.17
면적
57.35㎡ ~ 103.14㎡, 11
강동구,성내동,제일축산,-세대수
27세대
동수
총 1동
사용승인일
1976.04.24
면적
38㎡ ~ 75.95㎡, 12
강동구,성내동,중명,-세대수
49세대
동수
총 1동
사용승인일
1999.05.15
면적
55.57㎡ ~ 111.9㎡, 6
강동구,성내동,중앙(주상복합),-세대수
19세대
동수
총 1동
사용승인일
1992.05.04
면적
177.72㎡, 5
강동구,성내동,중앙하이츠,8억 5000~8억 6000세대수
87세대
동수
총 1동
사용승인일
2001.08.28
면적
84.01㎡ ~ 118.94㎡, 9
강동구,성내동,집앤사베니,-세대수
26세대
동수
총 1동
사용승인일
2019.10.14
면적
67.31㎡, 2
강동구,성내동,집앤사비디(도시형),2억 6000~5억 8000세대수
50세대
동수
총 1동
사용승인일
2019.10.04
면적
23.6㎡ ~ 48.96㎡, 2
강동구,성내동,집앤사비카(도시형),-세대수
52세대
동수
총 1동
사용승인일
2020.12.31
면적
22.82㎡ ~ 43.57㎡, 8
강동구,성내동,집앤사비키,8억 5000세대수
21세대
동수
총 1동
사용승인일
2019.11.07
면적
54.77㎡ ~ 118.03㎡, 2
강동구,성내동,천호역아름채2(도시형),-세대수
20세대
동수
총 1동
사용승인일
2017.10.20
면적
25.07㎡ ~ 36.76㎡, 13
강동구,성내동,청구빌라트,-세대수
16세대
동수
총 1동
사용승인일
1999.11.19
면적
274.56㎡ ~ 290.29㎡, 9
강동구,성내동,청일베르네(주상복합),-세대수
19세대
동수
총 1동
사용승인일
2005.08.01
면적
103.43㎡ ~ 103.51㎡, 5
강동구,성내동,코랜드빌리지,-세대수
18세대
동수
총 1동
사용승인일
2001.12.22
면적
70.61㎡ ~ 100.57㎡, 6
강동구,성내동,코오롱1차,9억 5000~11억 8000세대수
257세대
동수
총 2동
사용승인일
1999.05.18
면적
89.31㎡ ~ 143.53㎡, 10
강동구,성내동,코오롱2차,10억 5000~11억 5000세대수
78세대
동수
총 1동
사용승인일
2002.12.21
면적
111.75㎡ ~ 140.15㎡, 2
강동구,성내동,타운빌라트,-세대수
14세대
동수
총 1동
사용승인일
2000.08.08
면적
98.58㎡ ~ 99.64㎡, 7
강동구,성내동,탑건위너빌,6억세대수
10세대
동수
총 1동
사용승인일
2001.12.31
면적
71.75㎡ ~ 72.34㎡, 9
강동구,성내동,태천,-세대수
24세대
동수
총 1동
사용승인일
2001.07.21
면적
83.12㎡ ~ 127.42㎡, 6
강동구,성내동,태천해오름(412-1),-세대수
29세대
동수
총 1동
사용승인일
2002.12.31
면적
72.23㎡ ~ 103.72㎡, 9
강동구,성내동,태천해오름(422),-세대수
44세대
동수
총 1동
사용승인일
2003.09.25
면적
80.53㎡ ~ 101.59㎡, 5
강동구,성내동,태천해오름(427-74),-세대수
10세대
동수
총 1동
사용승인일
2005.03.28
면적
79.3㎡ ~ 118.15㎡, 10
강동구,성내동,트리안(도시형),-세대수
22세대
동수
총 1동
사용승인일
2019.11.07
면적
21.36㎡ ~ 44.52㎡, 12
강동구,성내동,파크뷰진도,-세대수
18세대
동수
총 1동
사용승인일
1996.12.23
면적
249.94㎡ ~ 354.14㎡, 8
강동구,성내동,파크뷰캐슬,-세대수
19세대
동수
총 1동
사용승인일
2002.02.08
면적
167.86㎡, 9
강동구,성내동,파크프라자(주상복합),9억 5000~11억 5000세대수
87세대
동수
총 1동
사용승인일
2003.05.26
면적
67.33㎡ ~ 179.21㎡, 11
강동구,성내동,포레스(주상복합),8억 5000~9억 2000세대수
56세대
동수
총 3동
사용승인일
2003.08.22
면적
84.5㎡ ~ 173.08㎡, 2
강동구,성내동,하나플러스,7억세대수
36세대
동수
총 1동
사용승인일
2003.07.08
면적
62.09㎡ ~ 109.65㎡,정보 없음
강동구,성내동,하나플러스2,11억~12억세대수
90세대
동수
총 3동
사용승인일
2004.09.24
면적
104.18㎡ ~ 104.53㎡, 8
강동구,성내동,한강훼미리(주상복합),-세대수
18세대
동수
총 1동
사용승인일
2003.01.17
면적
81.41㎡ ~ 95.84㎡, 8
강동구,성내동,한독,10억 5000~10억 7000세대수
18세대
동수
총 1동
사용승인일
1999.11.17
면적
106.72㎡ ~ 137.55㎡, 5
강동구,성내동,한솔브리즈(199-4),-세대수
18세대
동수
총 1동
사용승인일
2004.01.24
면적
105.89㎡, 12
강동구,성내동,한솔브리즈(594),11억세대수
73세대
동수
총 1동
사용승인일
2002.10.08
면적
78.6㎡ ~ 128.61㎡, 8
강동구,성내동,한솔애리즈,-세대수
49세대
동수
총 1동
사용승인일
2002.02.08
면적
100.23㎡ ~ 199.86㎡, 8
강동구,성내동,한솔애리즈2차,8억 8000~10억 5000세대수
61세대
동수
총 2동
사용승인일
2003.10.29
면적
73.81㎡ ~ 123.85㎡, 9
강동구,성내동,한솔애리즈5차,8억~11억 8000세대수
32세대
동수
총 1동
사용승인일
2004.08.30
면적
85.39㎡ ~ 116.51㎡, 9
강동구,성내동,한솔애리즈6차(주상복합),-세대수
18세대
동수
총 1동
사용승인일
2005.10.04
면적
88.07㎡ ~ 103.16㎡, 14
강동구,성내동,한솔애리즈8차,8억 3000~8억 5000세대수
39세대
동수
총 2동
사용승인일
2009.04.17
면적
87.54㎡ ~ 106.66㎡, 10
강동구,성내동,한솔에리즈3차,-세대수
18세대
동수
총 1동
사용승인일
2003.04.15
면적
67.92㎡ ~ 106.67㎡, 5
강동구,성내동,한양립스(도시형),1억 3000세대수
54세대
동수
총 1동
사용승인일
2014.05.19
면적
18.65㎡, 16
강동구,성내동,해가든(387-48),-세대수
18세대
동수
총 1동
사용승인일
2004.06.30
면적
85.86㎡ ~ 144.63㎡, 12
강동구,성내동,해가든(454-1),-세대수
19세대
동수
총 1동
사용승인일
2005.05.07
면적
85.64㎡ ~ 161.2㎡, 6
강동구,성내동,해인하우스(주상복합),-세대수
20세대
동수
총 1동
사용승인일
2018.03.29
면적
21.45㎡ ~ 32.86㎡, 11
강동구,성내동,행복빌(도시형),-세대수
23세대
동수
총 1동
사용승인일
2012.09.21
면적
18.88㎡ ~ 70.71㎡, 10
강동구,성내동,현대(30-2),10억 5000~13억세대수
277세대
동수
총 2동
사용승인일
1987.12.12
면적
73.7㎡ ~ 110.24㎡, 9
강동구,성내동,현대(383-11,주상복합),-세대수
14세대
동수
총 1동
사용승인일
1993.10.19
면적
95.89㎡ ~ 130.42㎡, 10
강동구,성내동,현대제이드(주상복합),-세대수
19세대
동수
총 1동
사용승인일
1999.04.08
면적
290.07㎡ ~ 297.09㎡, 11
강동구,성내동,현대코랄,-세대수
19세대
동수
총 1동
사용승인일
1999.04.08
면적
274.23㎡ ~ 275.19㎡, 8
강동구,성내동,현대토파즈,-세대수
14세대
동수
총 1동
사용승인일
1999.04.08
면적
219.08㎡ ~ 286.45㎡, 7
강동구,성내동,현대파크빌,-세대수
8세대
동수
총 1동
사용승인일
2007.11.23
면적
39.3㎡ ~ 42.29㎡, 12
강동구,성내동,호암아펙스,-세대수
25세대
동수
총 1동
사용승인일
2006.11.29
면적
106.21㎡ ~ 109.5㎡, 7
강동구,성내동,화영(도시형),-세대수
28세대
동수
총 2동
사용승인일
2016.04.26
면적
32.85㎡ ~ 59.23㎡, 11
강동구,성내동,화영하우스7차(도시형),-세대수
10세대
동수
총 1동
사용승인일
2020.10.22
면적
27.93㎡, 17
강동구,성내동,힐데스하임올림픽파크,-세대수
89세대
동수
총 2동
사용승인일
2020.12
면적
75.32㎡ ~ 99.23㎡, 13
강동구,성내동,힐스테이트천호역젠트리스(주상복합),-세대수
160세대
동수
총 1동
사용승인일
2024.03
면적
120.21㎡ ~ 122.65㎡, 10
